Date,ABCB4,AGRO3,RAIL3,ALPA3,ALPA4,ALSO3,AMAR3,ABEV3,ADHM3
2014-01-02,7.44,9.5,21.79,,8.09,17.18,16.53,14.49,0.37
2014-01-03,7.58,9.21,21.97,9.63,8.01,17.24,16.89,14.08,
2014-01-06,7.66,9.27,21.93,9.66,7.89,17.13,16.89,14.0,0.36
2014-01-07,7.66,9.39,21.0,9.84,7.65,17.32,16.62,14.44,
2014-01-08,7.84,9.49,21.62,9.66,7.66,17.41,16.66,14.58,
2014-01-09,7.62,9.37,23.52,9.42,7.46,16.94,16.45,14.24,
2014-01-10,7.52,9.25,24.35,,7.43,17.08,16.15,14.33,0.37
2014-01-13,7.57,9.17,24.21,,7.34,17.19,16.17,14.2,
2014-01-14,7.62,9.16,23.56,9.46,7.54,17.04,16.15,14.38,
2014-01-15,7.62,8.14,24.08,9.66,7.64,17.08,16.21,14.38,
2014-01-16,7.45,7.96,23.7,9.47,7.51,16.71,16.26,14.19,
2014-01-17,7.6,8.05,23.56,9.66,7.57,16.72,16.1,14.07,
2014-01-20,7.53,7.86,23.25,,7.57,16.52,15.9,14.12,
2014-01-21,7.55,7.91,23.35,,7.46,16.51,16.04,14.29,
2014-01-22,7.5,7.96,23.52,9.66,7.66,16.61,16.26,14.5,
2014-01-23,7.5,7.87,22.86,9.58,7.46,16.56,15.64,14.0,
2014-01-24,7.37,7.87,22.48,9.5,7.35,16.37,14.73,13.9,
2014-01-27,7.44,8.04,22.97,,7.31,15.98,14.37,13.57,
2014-01-28,7.68,7.78,23.07,,7.43,16.28,14.55,13.62,
2014-01-29,7.62,7.78,22.97,9.66,7.31,15.74,14.42,13.57,
2014-01-30,7.41,7.59,22.24,9.35,7.31,15.66,14.37,13.42,
2014-01-31,7.46,7.07,22.86,9.66,7.28,15.41,14.19,13.61,0.41
2014-02-03,7.2,7.03,22.38,9.32,7.18,15.29,13.79,13.11,0.38
2014-02-04,7.32,7.06,22.31,9.53,7.28,15.52,13.52,13.17,0.41
2014-02-05,7.56,6.93,21.45,,7.09,15.62,13.46,13.06,
2014-02-06,7.58,6.93,21.1,,7.02,15.73,13.26,13.68,0.41
2014-02-07,7.63,7.16,19.86,9.27,7.05,15.99,13.8,13.86,
2014-02-10,7.44,7.08,19.27,9.58,6.94,16.09,13.67,13.65,0.39
2014-02-11,7.69,7.24,19.34,9.7,7.11,16.16,13.2,14.04,
2014-02-12,7.42,7.02,19.03,,7.28,15.95,13.29,13.66,
2014-02-13,7.36,7.05,18.68,9.23,7.23,16.28,12.94,13.81,
2014-02-14,7.32,7.2,22.31,9.74,7.31,16.22,12.6,14.11,0.37
2014-02-17,7.38,7.11,21.34,9.58,7.23,15.54,12.53,14.01,0.41
2014-02-18,7.28,7.07,20.27,9.58,7.23,15.38,12.19,13.66,0.41
2014-02-19,7.35,7.14,20.58,9.58,7.26,15.64,12.04,13.82,
2014-02-20,7.19,7.15,21.79,,7.16,15.9,12.22,13.98,0.38
2014-02-21,7.18,7.15,22.55,9.21,7.12,16.32,11.86,14.02,0.41
2014-02-24,7.25,7.16,24.56,8.87,7.14,16.56,11.76,14.04,0.41
2014-02-25,7.09,7.13,22.97,8.87,7.03,15.99,12.44,14.04,
2014-02-26,6.94,7.13,23.52,8.79,7.12,16.53,12.32,14.19,
2014-02-27,7.03,7.02,24.21,8.79,7.23,17.12,12.57,14.29,
2014-02-28,7.03,7.16,23.35,,7.42,16.61,12.57,14.28,0.37
2014-03-05,7.18,7.29,24.04,8.63,7.69,16.29,12.57,14.21,
2014-03-06,7.28,7.33,24.59,9.42,7.8,16.93,12.57,14.27,0.4
2014-03-07,7.22,7.29,24.53,9.42,7.47,16.79,12.65,14.18,
2014-03-10,6.97,7.33,23.97,8.85,7.09,16.66,12.26,14.12,
2014-03-11,7.0,7.42,23.35,9.16,7.06,16.38,12.31,14.12,
2014-03-12,6.93,7.63,23.0,9.03,7.24,16.35,12.4,14.14,0.39
2014-03-13,6.94,7.69,23.49,,7.05,16.27,12.26,14.04,
2014-03-14,6.82,7.87,24.7,9.42,7.11,15.9,11.77,13.84,
2014-03-17,6.75,7.86,24.56,9.5,7.05,15.78,11.73,14.1,
2014-03-18,6.85,7.69,24.56,9.11,7.03,16.57,11.88,14.2,
2014-03-19,7.09,7.83,24.56,9.1,7.1,16.38,12.01,14.18,
2014-03-20,7.08,7.69,25.04,9.33,7.2,16.51,12.35,14.18,
2014-03-21,7.25,7.87,25.15,9.33,7.2,16.84,12.48,14.09,
2014-03-24,7.32,7.87,24.8,9.69,7.31,16.89,12.88,14.18,
2014-03-25,7.3,7.69,24.59,9.79,7.15,16.87,12.41,14.16,
2014-03-26,7.22,7.68,24.46,,7.13,16.46,12.31,14.08,
2014-03-27,7.28,7.67,25.22,,7.25,16.9,12.92,14.42,0.41
2014-03-28,7.5,7.69,25.15,,7.36,16.88,13.44,14.34,0.41
2014-03-31,7.91,7.85,26.19,9.57,7.37,16.81,13.83,14.34,
2014-04-01,7.86,7.69,27.02,9.85,7.59,16.52,13.67,14.46,
2014-04-02,8.06,7.51,27.57,9.82,7.6,16.85,13.86,14.63,
2014-04-03,8.07,7.86,26.98,9.61,7.52,16.93,13.48,14.64,0.41
2014-04-04,7.95,7.69,26.77,9.5,7.49,16.93,13.5,14.4,
2014-04-07,8.25,7.92,26.6,9.69,7.6,16.77,13.55,14.4,
2014-04-08,8.1,7.84,25.91,,7.51,16.74,13.23,14.33,
2014-04-09,8.13,8.14,26.08,9.54,7.45,16.7,13.53,14.32,
2014-04-10,8.03,7.78,27.95,9.37,7.43,16.75,13.22,14.47,
2014-04-11,7.94,7.78,28.73,,7.45,16.93,12.92,14.83,
2014-04-14,8.0,7.93,29.18,9.49,7.45,17.1,13.09,14.8,
2014-04-15,7.91,8.21,28.03,9.49,7.25,16.91,12.84,14.78,
2014-04-16,7.85,8.14,28.9,,7.25,17.38,13.02,14.9,
2014-04-17,7.85,8.14,29.0,9.63,7.22,17.45,13.07,14.82,0.41
2014-04-22,7.84,7.87,29.04,9.61,7.21,17.45,13.26,15.2,
2014-04-23,7.83,7.96,28.8,9.32,7.22,17.41,12.94,15.02,
2014-04-24,7.88,7.9,29.21,10.05,7.17,17.87,12.96,14.83,
2014-04-25,7.82,8.04,30.63,9.9,7.14,17.6,12.99,14.72,
2014-04-28,7.85,7.92,30.7,9.19,6.97,17.48,13.21,14.69,
2014-04-29,8.03,7.96,30.63,9.17,7.14,17.49,13.3,14.63,
2014-04-30,8.16,8.01,30.56,8.96,7.07,17.49,13.65,13.89,
2014-05-02,8.16,8.16,31.25,9.01,7.07,17.45,13.81,13.64,0.39
2014-05-05,8.22,8.5,30.8,9.19,7.07,18.06,13.98,14.06,
2014-05-06,8.44,8.6,30.53,9.19,7.09,17.92,14.2,14.19,0.41
2014-05-07,8.5,8.63,30.35,9.31,7.18,17.97,14.75,13.89,
2014-05-08,8.5,8.8,29.87,9.74,7.44,18.17,14.84,13.89,
2014-05-09,8.44,8.91,30.01,10.02,7.55,17.97,15.09,14.09,0.41
2014-05-12,8.38,9.01,30.28,9.85,7.57,18.02,14.66,14.22,
2014-05-13,8.47,9.07,30.28,10.02,7.45,17.68,15.02,14.15,
2014-05-14,8.69,9.16,30.35,9.98,7.39,17.73,15.2,14.23,
2014-05-15,8.46,9.13,30.39,10.02,7.55,17.68,15.1,14.06,
2014-05-16,8.5,9.03,30.8,10.02,7.61,17.67,15.32,14.11,0.35
2014-05-19,8.44,9.03,29.97,10.03,7.6,17.54,15.66,14.05,0.33
2014-05-20,8.3,9.08,29.11,10.02,7.79,17.63,15.76,13.89,0.41
2014-05-21,8.22,9.18,28.83,,7.65,17.28,15.85,14.06,0.28
2014-05-22,8.32,9.2,29.21,,7.67,17.68,15.66,14.24,0.08
2014-05-23,8.16,9.19,29.14,9.75,7.67,17.35,15.73,14.13,0.09
2014-05-26,8.12,9.24,29.25,9.7,7.75,17.6,15.71,14.19,0.03
2014-05-27,8.02,9.21,28.48,9.63,7.72,17.48,15.08,13.74,0.03
2014-05-28,8.14,9.21,28.73,9.7,7.78,17.3,15.29,13.76,0.04
2014-05-29,8.22,9.21,28.87,9.54,7.74,17.15,15.39,13.76,0.05
2014-05-30,8.2,9.29,28.03,9.7,7.65,17.22,15.28,13.52,0.05
2014-06-02,8.17,9.28,27.55,9.87,7.64,17.1,15.16,13.89,0.04
2014-06-03,8.25,9.03,27.72,9.72,7.65,16.91,15.07,13.93,0.05
2014-06-04,8.13,9.19,27.93,9.61,7.56,16.67,15.07,13.82,0.05
2014-06-05,8.13,9.08,27.76,9.7,7.49,17.12,14.53,13.7,0.05
2014-06-06,8.32,9.11,28.62,9.79,7.6,17.25,14.84,13.89,0.05
2014-06-09,8.57,9.08,29.18,9.87,7.69,17.49,15.39,13.98,0.05
2014-06-10,8.45,9.11,29.63,,7.72,17.59,15.63,13.92,0.05
2014-06-11,8.48,8.94,30.08,,7.78,17.68,15.48,13.7,0.05
2014-06-13,8.6,8.77,29.77,,7.62,17.96,15.36,13.51,0.05
2014-06-16,8.51,8.72,29.7,9.63,7.74,17.59,15.29,13.34,0.05
2014-06-17,8.45,8.69,29.77,9.72,7.65,17.73,15.29,13.25,0.06
2014-06-18,8.58,8.41,29.83,9.55,7.65,17.9,15.1,13.6,0.08
2014-06-20,8.44,8.51,29.38,9.79,7.69,17.43,15.17,13.64,0.12
2014-06-23,8.44,8.53,29.11,,7.47,17.51,14.84,13.34,0.17
2014-06-24,8.56,8.47,29.28,9.51,7.67,17.71,14.84,13.28,0.22
2014-06-25,8.44,8.49,28.87,9.64,7.41,17.16,14.75,13.22,0.2
2014-06-26,8.49,8.45,28.93,9.79,7.52,17.11,14.75,13.36,0.15
2014-06-27,8.53,8.54,28.9,9.81,7.46,16.81,14.75,13.24,0.18
2014-06-30,8.5,8.59,28.83,9.43,7.43,17.07,14.75,13.43,0.19
2014-07-01,8.61,8.57,28.17,,7.35,16.69,14.64,13.66,0.17
2014-07-02,8.58,8.5,27.62,9.37,7.23,16.73,14.21,13.64,0.16
2014-07-03,8.63,8.6,27.9,,7.3,16.97,14.34,13.89,0.16
2014-07-04,8.65,8.5,28.35,,7.35,16.85,14.15,13.91,0.16
2014-07-07,8.55,8.63,27.45,,7.28,16.87,14.24,13.71,0.15
2014-07-08,8.56,8.57,27.34,9.79,7.28,16.48,14.25,13.7,0.15
2014-07-10,8.64,8.4,27.41,,7.25,17.02,14.28,13.36,0.15
2014-07-11,8.6,8.72,27.52,9.5,7.32,16.92,14.29,13.38,0.19
2014-07-14,8.69,8.59,28.07,,7.47,17.29,14.25,13.3,0.18
2014-07-15,8.72,8.85,28.0,9.54,7.49,17.35,14.09,13.39,0.17
2014-07-16,8.37,8.65,26.72,9.68,7.27,17.71,13.69,13.65,0.16
2014-07-17,8.41,8.75,26.96,9.52,7.2,17.52,13.76,13.81,0.17
2014-07-18,8.55,8.79,27.86,,7.27,18.01,13.58,14.17,0.18
2014-07-21,8.55,8.77,28.03,9.33,7.2,18.35,13.98,14.33,0.17
2014-07-22,8.3,8.72,29.0,9.32,7.23,19.01,13.67,14.21,0.16
2014-07-23,8.05,8.67,29.56,9.32,7.2,18.78,13.36,14.04,0.16
2014-07-24,8.4,8.65,30.63,,7.23,18.82,13.39,14.25,0.16
2014-07-25,8.14,8.72,30.22,9.33,7.2,18.59,13.39,14.15,0.15
2014-07-28,8.1,8.71,30.11,,7.01,18.39,13.56,14.03,0.15
2014-07-29,8.16,8.94,30.01,9.25,6.9,18.25,13.53,14.11,0.15
2014-07-30,8.36,8.94,30.28,9.28,6.94,18.11,13.49,14.11,0.14
2014-07-31,8.34,8.69,30.11,9.23,6.86,17.87,13.42,13.49,0.15
2014-08-01,8.74,8.6,30.01,9.24,6.79,17.88,13.45,13.48,0.15
2014-08-04,8.85,8.77,30.84,,6.78,17.87,14.67,13.49,0.15
2014-08-05,8.81,8.77,30.28,8.89,6.59,17.9,14.53,13.19,0.14
2014-08-06,8.8,8.72,30.01,8.85,6.52,17.95,14.64,13.31,0.14
2014-08-07,8.8,8.77,29.73,8.74,6.43,17.85,15.29,13.38,0.14
2014-08-08,8.73,8.62,29.83,8.13,6.3,17.73,16.2,13.51,0.14
2014-08-11,8.74,8.54,29.94,8.46,6.67,17.87,15.96,13.66,0.14
2014-08-12,8.85,8.59,29.45,8.55,6.78,17.72,15.76,13.62,0.18
2014-08-13,8.76,8.59,28.73,8.91,6.85,17.77,15.59,13.5,0.16
2014-08-14,8.55,8.68,28.38,9.07,6.93,17.35,15.61,13.53,0.16
2014-08-15,8.78,8.65,28.9,,6.94,17.85,15.86,13.68,0.16
2014-08-18,8.92,8.6,28.55,9.08,6.74,18.18,15.67,13.89,0.16
2014-08-19,8.98,8.7,28.21,9.04,6.84,18.59,15.31,14.03,0.15
2014-08-20,8.95,8.71,27.86,8.88,6.76,18.56,15.6,14.1,0.15
2014-08-21,9.08,8.63,27.69,8.96,6.84,18.73,15.93,14.04,0.15
2014-08-22,9.04,8.66,27.69,8.94,6.86,18.65,15.84,13.99,0.15
2014-08-25,9.05,8.66,27.48,8.96,6.76,19.04,16.13,14.3,0.15
2014-08-26,8.95,8.72,27.38,8.96,6.73,18.9,16.26,14.24,0.15
2014-08-27,9.19,8.59,28.55,9.53,7.05,19.47,16.75,14.24,0.14
2014-08-28,9.56,8.68,27.79,8.99,7.14,19.23,16.74,14.05,0.15
2014-08-29,9.66,8.67,28.55,9.5,7.11,19.83,16.75,14.03,0.15
2014-09-01,9.4,8.44,29.9,9.94,7.34,19.86,16.88,13.74,0.14
2014-09-02,9.64,8.58,30.8,10.04,7.48,19.94,16.78,13.74,0.15
2014-09-03,9.72,8.63,30.53,10.12,7.45,19.96,16.51,13.97,0.14
2014-09-04,9.65,8.59,29.83,,7.34,19.69,16.06,14.07,0.15
2014-09-05,9.83,8.68,29.32,,7.3,19.63,15.85,13.77,0.14
2014-09-08,9.46,8.68,28.17,,7.3,19.11,16.1,13.56,0.15
2014-09-09,9.46,8.69,27.62,9.7,7.08,18.82,16.38,13.51,0.14
2014-09-10,9.34,8.68,26.48,9.41,6.99,18.2,16.0,13.71,0.15
2014-09-11,9.59,8.68,26.96,9.59,7.05,18.37,15.98,13.6,0.15
2014-09-12,9.38,8.63,25.68,8.97,6.91,17.89,15.57,13.31,0.15
2014-09-15,9.28,8.51,25.99,,6.96,17.99,15.66,13.81,0.14
2014-09-16,9.3,8.1,26.13,,6.86,18.18,15.41,13.97,0.14
2014-09-17,9.16,8.15,24.71,,6.71,18.43,15.29,13.73,0.14
2014-09-18,9.27,8.12,25.27,9.14,6.56,18.01,14.92,13.93,0.14
2014-09-19,9.05,8.36,24.61,8.95,6.71,18.15,14.93,14.11,0.14
2014-09-22,8.74,8.36,23.92,8.87,6.69,17.97,14.86,14.15,0.14
2014-09-23,8.77,8.36,23.5,8.69,6.59,17.73,15.07,14.11,0.14
2014-09-24,8.77,8.36,23.67,8.87,6.59,17.96,14.93,14.2,0.14
2014-09-25,8.62,8.27,22.81,,6.56,17.4,14.66,14.08,0.13
2014-09-26,8.91,8.18,22.95,,6.52,17.79,14.66,14.12,0.13
2014-09-29,8.61,8.18,22.08,,6.58,17.21,14.3,13.91,0.12
2014-09-30,8.72,8.1,22.01,8.87,6.69,17.59,14.1,13.8,0.13
2014-10-01,8.37,8.15,22.05,,6.49,16.85,13.72,13.43,0.12
2014-10-02,8.4,8.01,21.35,,6.51,16.78,13.5,13.74,0.12
2014-10-03,8.47,8.01,22.22,,6.49,16.97,13.5,13.94,0.12
2014-10-06,8.87,7.83,21.91,8.87,6.75,17.77,13.76,14.3,0.12
2014-10-07,8.89,8.23,21.94,,6.62,17.95,13.67,14.15,0.12
2014-10-08,8.9,7.69,22.08,8.66,6.64,17.87,13.58,13.89,0.12
2014-10-09,8.92,7.42,21.67,8.78,6.49,18.03,13.58,13.86,
2014-10-10,8.81,7.55,20.32,8.64,6.3,17.3,13.51,13.52,0.11
2014-10-13,9.15,7.67,21.35,,6.28,18.01,13.89,13.83,0.12
2014-10-14,9.17,7.6,20.7,8.64,6.19,17.69,13.58,13.88,0.12
2014-10-15,9.11,7.35,19.66,8.37,5.95,17.33,13.41,13.57,0.12
2014-10-16,8.85,7.12,20.25,7.83,5.65,16.68,13.15,13.38,0.12
2014-10-17,9.01,7.16,20.94,7.84,5.89,17.03,12.91,13.83,0.12
2014-10-20,8.78,7.15,20.42,7.8,5.84,16.54,13.12,13.69,0.12
2014-10-21,8.63,6.95,19.28,7.78,5.71,16.02,13.76,13.42,0.12
2014-10-22,8.58,6.75,18.38,,5.7,15.99,13.84,13.37,0.11
2014-10-23,8.22,6.46,18.34,7.78,5.58,15.44,13.12,13.08,0.12
2014-10-24,8.41,6.53,19.73,8.15,5.69,16.49,13.21,13.52,0.12
2014-10-27,8.15,6.52,20.42,7.8,5.42,16.07,13.65,13.47,0.12
2014-10-28,8.51,6.5,22.05,7.84,5.59,16.43,13.98,13.63,0.12
2014-10-29,8.44,6.31,22.22,7.26,5.52,16.17,13.86,13.64,0.12
2014-10-30,8.6,6.18,22.08,,5.52,16.71,14.03,13.71,0.12
2014-10-31,8.87,6.2,23.5,7.68,5.64,17.3,14.21,14.32,0.12
2014-11-03,8.55,6.48,22.77,7.71,5.42,16.5,14.09,14.14,0.12
2014-11-04,8.72,6.78,22.67,,5.34,16.76,14.17,14.27,0.12
2014-11-05,8.63,6.4,23.6,7.32,5.37,16.27,14.07,14.27,0.12
2014-11-06,8.51,7.01,22.91,7.27,5.25,15.88,13.84,14.22,
2014-11-07,8.58,6.78,22.36,7.06,5.28,15.69,13.96,14.35,0.11
2014-11-10,8.47,6.69,22.6,7.18,5.19,15.45,14.17,14.25,0.12
2014-11-11,8.45,6.27,22.46,6.96,5.1,15.28,13.59,13.97,0.12
2014-11-12,8.48,6.27,22.43,,5.19,15.4,13.42,14.29,
2014-11-13,8.41,6.27,22.36,7.17,5.03,15.23,13.21,13.97,0.12
2014-11-14,8.29,6.51,22.12,6.9,5.09,15.4,13.27,13.81,0.12
2014-11-17,8.37,6.23,21.63,,5.05,15.16,13.21,13.85,0.12
2014-11-18,8.37,6.27,21.7,6.69,5.18,15.59,13.22,14.12,0.12
2014-11-19,8.53,6.53,21.7,6.81,5.28,15.81,13.21,14.44,0.12
2014-11-21,8.85,6.89,22.91,6.57,5.44,16.91,13.67,14.95,0.12
2014-11-24,8.83,6.61,21.77,7.2,5.28,16.21,13.9,14.73,
2014-11-25,8.88,6.27,20.8,7.15,5.22,16.47,13.77,14.69,
2014-11-26,8.89,6.26,20.52,,5.3,16.35,13.0,14.53,0.12
2014-11-27,9.0,6.52,21.29,,5.31,16.87,13.03,14.46,
2014-11-28,8.98,6.66,21.53,,5.27,16.97,13.12,14.71,0.12
2014-12-01,8.72,6.64,20.42,,5.15,16.02,12.61,13.98,0.13
2014-12-02,8.73,6.6,19.56,,5.23,15.87,12.36,13.7,0.14
2014-12-03,8.67,6.71,19.28,7.2,5.34,16.07,12.47,13.76,0.12
2014-12-04,8.49,6.66,18.69,6.8,5.38,15.85,12.53,13.71,0.12
2014-12-05,8.62,6.73,18.45,7.56,5.45,15.7,13.03,13.97,1.11
2014-12-08,8.38,6.71,17.55,,5.34,15.31,12.76,13.75,1.15
2014-12-09,8.39,6.72,17.17,,5.34,15.44,13.47,13.69,1.15
2014-12-10,8.32,6.84,17.34,7.2,5.21,15.33,13.59,13.79,1.11
2014-12-11,8.38,6.96,17.13,6.76,5.19,15.5,13.67,13.96,1.03
2014-12-12,8.36,6.92,17.37,6.84,4.89,14.76,13.3,13.53,1.11
2014-12-15,8.37,6.9,17.13,6.84,4.89,14.4,12.76,13.47,
2014-12-16,8.21,6.9,17.17,6.5,4.75,14.57,12.69,13.49,1.07
2014-12-17,8.31,7.01,17.82,6.13,4.76,14.83,12.67,13.81,0.9
2014-12-18,8.05,7.18,16.96,6.13,4.82,15.2,12.67,13.81,0.94
2014-12-19,8.2,7.33,17.27,6.04,4.73,15.53,12.72,13.92,0.94
2014-12-22,8.27,7.61,17.31,6.3,4.75,15.4,13.05,14.27,0.78
2014-12-23,8.11,7.69,17.37,6.16,4.73,15.18,13.21,14.29,0.82
2014-12-26,8.24,8.01,16.99,6.39,4.73,15.33,13.13,14.16,3.62
2014-12-29,8.36,7.78,17.34,5.98,4.73,15.46,13.21,14.29,
2014-12-30,8.69,8.13,17.51,6.03,4.73,15.69,13.12,14.27,3.45
2015-01-02,8.34,7.74,16.92,5.86,4.55,15.19,13.13,14.09,3.62
2015-01-05,8.27,7.78,15.75,,4.43,14.47,13.03,13.78,3.45
2015-01-06,8.07,7.91,15.09,5.74,4.39,14.81,12.23,14.18,3.12
2015-01-07,7.91,7.91,15.57,,4.33,15.11,12.45,14.53,3.29
2015-01-08,7.92,7.78,15.82,,4.4,15.28,12.32,14.59,3.45
2015-01-09,7.8,7.82,15.47,,4.38,14.99,12.62,14.58,3.45
2015-01-12,7.7,7.78,14.95,5.85,4.56,14.61,12.45,14.85,3.29
2015-01-13,7.84,7.69,14.47,6.17,4.59,14.68,12.44,14.8,3.45
2015-01-14,7.8,7.69,14.19,6.03,4.5,15.12,12.49,14.75,3.45
2015-01-15,7.64,7.6,14.71,6.16,4.61,15.43,12.45,14.76,3.62
2015-01-16,7.84,7.56,14.92,6.34,4.63,16.22,12.46,14.96,
2015-01-19,7.77,7.6,14.02,6.34,4.61,15.99,12.39,14.73,3.45
2015-01-20,7.64,7.56,13.71,6.34,4.82,16.27,12.67,14.94,
2015-01-21,7.67,7.51,13.98,6.34,5.02,16.67,12.9,15.13,3.45
2015-01-22,7.66,7.51,13.84,6.84,5.27,16.91,12.65,15.24,3.45
2015-01-23,7.64,7.51,13.81,7.01,5.41,17.42,12.49,15.13,3.78
2015-01-26,7.59,7.6,13.43,6.77,5.48,16.78,12.9,15.06,3.78
2015-01-27,7.55,7.42,13.64,6.75,5.52,16.87,12.87,15.0,6.41
2015-01-28,7.54,7.51,13.71,,5.49,16.34,13.16,15.14,4.6
2015-01-29,7.51,7.5,13.67,7.2,5.56,16.1,13.66,15.64,4.27
2015-01-30,7.54,7.59,13.33,7.2,5.56,15.43,13.27,15.6,4.11
2015-02-02,7.47,7.51,12.84,7.03,5.48,15.3,13.22,15.39,4.11
2015-02-03,7.54,7.42,13.08,7.53,5.38,15.47,12.96,15.49,4.11
2015-02-04,7.7,7.47,12.6,6.79,5.34,15.5,13.76,15.34,3.94
2015-02-05,7.84,7.42,15.3,7.58,5.41,15.33,13.85,15.58,4.11
2015-02-06,7.9,7.38,15.92,,5.3,15.04,13.57,15.8,3.94
2015-02-09,7.9,7.42,15.57,7.55,5.37,14.9,13.63,16.07,4.11
2015-02-10,7.86,7.45,15.51,,5.27,14.79,13.62,15.91,4.27
2015-02-11,8.07,7.42,17.65,7.11,5.21,14.59,13.11,15.79,4.6
2015-02-12,8.03,7.5,19.24,6.95,5.34,14.88,13.11,16.02,4.44
2015-02-13,8.04,7.78,18.69,7.29,5.41,14.9,13.14,15.9,4.11
2015-02-18,7.97,7.74,18.37,6.95,5.5,15.25,13.13,16.15,4.27
2015-02-19,7.9,8.11,18.41,6.93,5.48,15.19,13.66,16.14,4.11
2015-02-20,8.02,7.78,18.69,,5.49,15.5,13.58,16.11,3.94
2015-02-23,7.96,7.96,18.93,,5.57,15.14,13.58,16.27,4.11
2015-02-24,8.0,7.96,18.93,,5.57,15.75,13.58,16.41,3.94
2015-02-25,7.95,7.96,19.21,6.62,5.61,15.65,13.91,16.2,3.94
2015-02-26,7.9,8.05,19.52,7.18,5.9,15.62,13.52,16.2,3.94
2015-02-27,7.94,8.05,19.38,8.01,6.04,15.62,13.53,16.23,3.94
2015-03-02,8.13,8.05,19.07,8.27,6.04,15.76,13.44,16.08,3.94
2015-03-03,8.06,8.01,18.41,8.23,6.03,15.52,13.35,16.39,3.94
2015-03-04,8.02,7.87,17.71,8.27,5.98,15.38,13.08,16.21,4.11
2015-03-05,7.94,7.77,16.74,8.27,6.0,15.28,13.67,16.29,4.11
2015-03-06,7.93,7.76,15.94,,5.96,15.19,13.6,16.21,3.94
2015-03-09,7.61,7.69,14.52,8.01,5.96,14.64,12.94,16.26,4.27
2015-03-10,7.49,7.69,14.48,7.83,5.94,15.05,12.63,15.74,4.11
2015-03-11,7.49,7.69,14.48,7.54,6.03,15.11,12.76,16.11,4.11
2015-03-12,7.45,7.69,14.59,7.83,6.06,15.23,12.94,16.06,4.11
2015-03-13,7.27,7.59,14.76,8.1,6.31,15.16,12.94,16.09,4.44
2015-03-16,7.24,7.6,14.93,,6.38,15.29,12.68,16.04,4.27
2015-03-17,7.37,7.6,15.28,8.06,6.59,15.65,12.64,16.21,4.27
2015-03-18,7.51,7.67,15.73,7.99,6.52,16.05,13.02,16.42,4.44
2015-03-19,7.58,7.76,15.66,,6.63,15.95,12.57,16.45,4.93
2015-03-20,7.64,7.75,15.87,8.62,6.92,16.34,12.49,16.58,5.92
2015-03-23,7.67,7.73,15.94,9.0,6.71,16.14,12.42,16.72,5.92
2015-03-24,7.71,7.74,15.49,,6.72,16.14,12.22,16.48,5.59
2015-03-25,7.67,7.74,15.49,8.89,6.66,16.33,12.62,16.39,5.59
2015-03-26,7.47,7.74,14.8,8.82,6.66,16.0,12.45,16.1,5.59
2015-03-27,7.52,7.94,14.1,,6.6,15.8,12.67,16.22,5.75
2015-03-30,7.61,7.83,14.24,,6.6,16.11,12.81,16.58,6.08
2015-03-31,7.64,7.93,13.79,,6.65,16.19,12.76,16.41,6.08
2015-04-01,8.0,7.96,13.6,,6.6,16.62,13.2,16.79,5.92
2015-04-02,8.17,7.75,17.2,,6.66,16.96,13.26,16.77,5.59
2015-04-06,8.48,7.83,17.4,8.83,6.82,17.34,13.38,17.1,5.26
2015-04-07,8.5,7.87,15.8,9.08,7.12,17.05,13.56,17.28,5.26
2015-04-08,8.56,7.9,15.6,9.27,7.2,17.02,13.13,17.3,5.26
2015-04-09,8.3,7.93,16.3,8.97,6.9,17.17,13.2,17.21,5.59
2015-04-10,8.34,7.96,16.7,,6.91,17.2,13.58,17.34,5.59
2015-04-13,8.12,7.92,17.0,8.97,6.89,17.2,13.79,17.32,5.42
2015-04-14,8.14,7.96,17.0,8.58,6.92,17.26,13.35,16.99,5.26
2015-04-15,8.22,7.92,16.8,8.59,6.91,17.46,13.33,16.99,5.42
2015-04-16,8.1,7.92,17.0,8.62,7.07,17.55,12.98,16.99,5.42
2015-04-17,8.04,7.92,16.8,8.6,7.1,17.34,12.66,16.85,5.26
2015-04-20,8.33,7.87,16.3,8.89,7.11,17.25,12.19,16.81,5.59
2015-04-22,8.34,7.92,16.5,8.54,6.91,17.28,12.49,16.85,5.59
2015-04-23,8.53,8.05,14.9,8.76,7.08,17.72,12.24,16.79,5.42
2015-04-24,8.97,8.14,15.1,9.2,7.14,17.72,12.51,16.81,5.26
2015-04-27,8.57,8.13,14.1,9.04,7.12,17.05,12.65,16.72,5.26
2015-04-28,8.63,8.05,14.0,9.09,7.14,16.66,13.1,16.8,5.26
2015-04-29,8.73,8.05,12.7,8.71,6.99,16.28,13.17,16.75,5.26
2015-04-30,8.57,8.39,13.0,8.73,6.74,16.31,13.29,16.85,5.42
2015-05-04,8.78,8.27,13.6,8.86,7.16,16.31,13.36,17.21,5.42
2015-05-05,8.89,8.39,13.7,8.86,6.86,16.62,13.03,17.44,5.42
2015-05-06,8.41,8.34,12.8,8.64,6.9,16.01,12.62,17.52,5.42
2015-05-07,8.83,8.39,12.3,8.62,6.82,16.03,12.47,17.43,5.42
2015-05-08,8.35,8.4,12.5,,7.13,16.19,12.05,17.65,5.26
2015-05-11,8.17,8.36,12.2,9.26,6.81,15.9,11.46,17.63,5.59
2015-05-12,7.88,8.36,12.4,9.13,6.66,15.86,11.5,17.38,5.75
2015-05-13,7.88,8.35,12.0,,6.69,15.96,11.36,17.27,5.59
2015-05-14,7.97,8.32,12.8,8.73,6.83,16.25,11.53,17.29,5.59
2015-05-15,8.03,8.44,13.4,9.27,7.07,16.32,11.84,17.41,5.75
2015-05-18,7.92,8.67,13.5,9.33,7.08,16.31,11.54,17.22,5.75
2015-05-19,7.97,8.59,13.5,9.33,7.03,15.99,11.43,17.13,5.75
2015-05-20,8.29,8.93,12.9,9.33,6.98,16.36,11.37,16.64,5.59
2015-05-21,8.05,8.94,12.7,9.33,7.09,16.4,11.21,16.7,5.59
2015-05-22,7.9,8.78,12.9,9.06,6.84,16.46,11.2,16.7,5.75
2015-05-25,7.71,8.99,12.7,9.05,6.65,16.16,10.98,16.75,5.75
2015-05-26,7.64,8.99,12.1,8.53,6.71,15.66,10.73,16.49,5.92
2015-05-27,7.77,8.99,13.3,8.81,6.7,15.86,10.73,16.43,5.75
2015-05-28,7.74,9.02,13.1,8.91,6.77,15.55,10.79,16.44,5.92
2015-05-29,7.76,8.94,12.6,,6.77,15.27,10.91,16.37,6.08
2015-06-01,7.6,9.0,13.2,8.39,6.78,15.08,10.65,16.48,5.75
2015-06-02,7.81,9.15,14.2,8.39,6.7,15.25,10.66,16.62,5.75
2015-06-03,7.64,9.14,13.7,8.48,6.74,14.9,10.69,16.45,5.75
2015-06-05,7.64,9.12,13.3,8.58,6.67,14.63,10.68,16.68,5.75
2015-06-08,7.57,9.38,13.9,,6.54,14.95,10.61,16.57,5.75
2015-06-09,7.64,9.26,13.0,,6.46,15.02,10.57,16.51,5.92
2015-06-10,7.74,9.75,12.9,8.43,6.52,15.21,10.55,16.81,5.42
2015-06-11,7.57,9.91,13.0,,6.42,14.75,10.52,16.77,5.75
2015-06-12,7.47,10.01,13.0,8.29,6.36,14.87,10.27,16.7,5.42
2015-06-15,7.32,9.92,12.9,8.0,6.04,14.52,10.22,16.47,7.07
2015-06-16,7.31,9.93,12.7,7.59,6.09,14.43,10.2,16.76,6.57
2015-06-17,7.37,9.97,12.8,7.49,6.02,14.45,10.18,16.71,5.92
2015-06-18,7.39,10.01,13.0,7.35,6.07,14.53,9.83,16.81,6.57
2015-06-19,7.19,10.0,12.7,7.02,5.81,14.27,10.14,16.9,6.57
2015-06-22,7.05,9.83,12.8,7.35,5.88,14.6,10.35,16.96,6.41
2015-06-23,7.39,9.7,12.9,7.32,5.74,14.69,10.36,16.97,6.74
2015-06-24,7.25,9.91,13.1,6.88,5.59,14.19,10.27,16.95,6.74
2015-06-25,7.41,9.75,13.0,6.93,5.5,13.91,9.98,16.94,6.74
2015-06-26,7.62,9.97,12.7,7.34,5.54,14.07,10.0,17.15,6.74
2015-06-29,7.69,9.96,12.7,7.33,5.56,14.16,9.8,16.99,6.41
2015-06-30,7.77,9.97,12.7,6.99,5.65,14.38,9.87,17.08,6.41
2015-07-01,7.78,9.97,13.0,7.16,5.74,14.45,9.91,17.08,6.57
2015-07-02,7.81,9.99,13.4,,5.7,14.46,9.82,17.06,6.57
2015-07-03,7.78,9.99,13.3,,5.71,14.06,9.86,17.15,6.57
2015-07-06,7.64,9.84,13.1,7.44,5.68,13.71,9.69,17.17,6.41
2015-07-07,7.48,9.82,12.7,7.08,5.67,14.18,9.27,17.21,6.25
2015-07-08,7.29,9.76,12.3,6.93,5.66,13.71,8.86,17.12,6.41
2015-07-10,7.5,10.02,12.4,6.97,5.66,13.53,8.68,17.44,
2015-07-13,7.5,9.85,12.5,6.96,5.7,13.77,8.48,17.5,5.92
2015-07-14,7.46,10.01,12.4,,5.66,14.33,8.2,17.54,5.42
2015-07-15,7.26,10.06,12.4,7.0,5.74,14.41,8.2,17.61,5.59
2015-07-16,7.25,9.97,12.5,7.26,5.84,14.35,8.18,17.61,5.59
2015-07-17,7.14,10.0,12.2,7.18,5.77,14.28,8.18,17.63,5.42
2015-07-20,7.01,10.02,11.8,6.82,5.68,14.18,8.2,17.6,5.26
2015-07-21,6.95,10.11,11.2,6.79,5.57,14.26,8.24,17.53,5.75
2015-07-22,6.84,10.02,10.4,6.65,5.55,14.19,8.26,17.44,5.92
2015-07-23,6.88,9.97,9.8,6.63,5.33,13.94,8.18,17.25,5.92
2015-07-24,6.95,9.93,9.2,,5.37,13.58,8.04,17.03,5.59
2015-07-27,6.85,9.88,9.7,6.82,5.35,13.54,7.95,16.75,5.42
2015-07-28,6.91,9.84,9.3,6.69,5.27,13.63,7.96,16.8,5.59
2015-07-29,7.01,9.87,9.1,6.64,5.31,13.6,8.1,16.77,5.42
2015-07-30,6.95,9.95,9.6,,5.3,13.54,7.97,16.91,5.59
2015-07-31,7.18,10.02,9.1,,5.33,13.75,7.68,17.4,5.59
2015-08-03,7.13,10.0,8.85,6.69,5.4,13.41,7.27,17.46,5.59
2015-08-04,7.15,9.97,8.94,6.87,5.41,13.14,6.82,17.64,5.59
2015-08-05,7.01,9.96,9.69,6.93,5.43,13.25,6.95,17.84,5.26
2015-08-06,6.91,9.93,9.2,,5.48,12.72,6.89,17.76,5.59
2015-08-07,6.88,9.95,9.06,,5.48,12.19,7.05,17.46,5.42
2015-08-10,7.05,9.84,8.92,6.63,5.33,12.69,7.0,17.5,5.09
2015-08-11,6.94,9.84,8.7,6.6,5.29,12.7,7.05,17.48,5.26
2015-08-12,6.87,9.84,8.5,6.78,5.23,12.49,7.37,16.85,5.26
2015-08-13,6.47,9.76,8.81,6.22,5.17,12.24,7.8,16.77,4.77
2015-08-14,6.48,9.76,8.84,6.5,5.19,12.26,7.85,16.64,4.93
2015-08-17,6.62,9.84,8.65,6.39,5.3,12.24,7.97,16.59,5.26
2015-08-18,6.51,9.82,8.94,6.6,5.3,12.74,8.09,16.79,4.27
2015-08-19,6.26,9.79,8.59,6.36,5.18,12.29,8.14,16.28,4.93
2015-08-20,6.18,9.79,8.16,,5.12,11.88,8.14,16.48,4.93
2015-08-21,6.2,9.82,7.65,6.6,5.07,11.94,7.91,16.21,4.77
2015-08-24,6.2,9.7,7.58,,5.09,11.6,7.95,16.06,4.6
2015-08-25,6.1,9.7,7.37,6.6,5.17,11.5,8.1,16.45,4.27
2015-08-26,6.23,9.65,7.88,,5.18,11.39,8.47,16.86,4.44
2015-08-27,6.42,9.22,7.95,6.65,5.27,11.82,8.28,17.08,4.44
2015-08-28,6.24,9.38,8.02,6.47,5.27,11.73,8.72,17.17,4.44
2015-08-31,6.31,9.37,7.88,6.28,5.2,11.0,8.53,17.07,4.27
2015-09-01,6.08,9.38,7.32,6.28,4.96,10.83,8.32,16.73,3.94
2015-09-02,6.18,9.45,7.4,,5.14,10.86,8.15,17.12,3.94
2015-09-03,6.25,9.65,7.84,6.32,5.2,10.96,8.14,17.55,3.94
2015-09-04,6.0,10.0,7.5,,5.34,10.48,7.87,17.75,4.44
2015-09-08,6.01,10.02,7.61,6.47,5.17,10.89,7.5,17.54,4.11
2015-09-09,6.13,10.02,7.63,7.1,5.05,10.96,7.36,17.31,4.27
2015-09-10,6.01,10.02,7.33,6.67,5.0,10.67,7.02,17.27,4.27
2015-09-11,6.15,10.02,7.68,6.38,5.03,11.05,7.0,17.0,4.11
2015-09-14,6.17,10.02,7.9,,4.93,11.22,7.07,17.0,4.44
2015-09-15,6.24,9.96,7.55,6.24,4.86,11.29,7.11,17.18,4.11
2015-09-16,6.65,10.01,7.97,6.33,4.93,11.68,7.21,17.53,4.27
2015-09-17,7.03,10.02,7.76,6.4,4.83,11.6,7.3,17.56,4.44
2015-09-18,6.91,9.93,7.4,6.47,4.68,11.11,7.21,17.55,4.11
2015-09-21,6.83,10.01,6.87,6.47,4.56,10.76,7.25,17.42,3.94
2015-09-22,6.81,9.93,6.6,6.19,4.73,11.04,7.17,17.48,4.11
2015-09-23,6.85,9.95,6.26,,4.62,10.66,6.99,17.27,4.11
2015-09-24,6.81,9.93,6.03,,4.55,10.61,6.79,17.23,3.94
2015-09-25,6.67,9.95,5.8,,4.49,10.31,6.95,17.39,4.11
2015-09-28,6.32,9.91,5.85,6.19,4.38,10.26,7.0,17.37,4.11
2015-09-29,6.18,9.93,5.85,,4.62,10.26,6.92,17.45,3.94
2015-09-30,6.46,10.03,6.01,6.36,4.64,10.56,7.0,17.5,2.96
2015-10-01,6.42,9.93,6.0,6.24,4.68,10.4,6.95,17.75,2.96
2015-10-02,6.33,10.0,6.3,6.41,4.79,10.24,6.71,18.08,2.96
2015-10-05,6.28,10.13,6.21,6.72,5.21,10.22,6.69,18.34,2.96
2015-10-06,6.33,10.11,6.35,7.99,5.77,10.43,6.8,17.92,2.79
2015-10-07,6.6,10.56,6.9,8.07,5.79,10.51,7.2,18.02,2.96
2015-10-08,6.49,10.89,7.9,7.79,5.63,10.78,7.4,17.73,2.96
2015-10-09,6.55,11.03,8.99,7.92,5.73,10.9,7.41,17.83,2.79
2015-10-13,6.18,10.94,8.64,7.84,5.56,10.71,6.87,16.85,2.46
2015-10-14,6.01,11.05,8.02,7.77,5.42,10.51,6.89,16.58,2.46
2015-10-15,6.04,11.13,7.53,8.24,5.57,10.6,7.0,17.22,2.79
2015-10-16,6.08,11.18,7.27,8.28,5.59,10.7,6.77,17.38,2.79
2015-10-19,6.06,11.58,7.46,8.38,5.66,10.67,6.68,17.55,2.46
2015-10-20,6.08,11.59,7.85,8.28,5.63,10.65,6.64,17.64,2.46
2015-10-21,6.15,11.62,7.51,8.28,5.91,10.91,6.5,17.75,2.46
2015-10-22,6.16,11.63,7.66,8.23,5.93,10.82,6.55,17.72,2.46
2015-10-23,6.2,11.58,7.7,8.64,5.77,11.0,6.6,17.82,2.46
2015-10-26,6.04,11.62,7.16,,5.91,10.81,6.69,17.73,2.46
2015-10-27,6.05,11.88,7.4,,5.91,10.54,6.8,17.85,2.3
2015-10-28,6.1,11.84,7.24,8.9,5.84,10.71,6.7,17.51,2.3
2015-10-29,5.97,11.41,7.4,,5.81,10.5,6.45,17.12,2.46
2015-10-30,5.9,10.7,7.34,9.16,5.84,10.36,6.51,17.2,2.3
2015-11-03,6.11,10.9,7.61,9.46,6.09,11.02,6.7,17.66,2.14
2015-11-04,6.25,11.19,7.28,8.92,6.04,11.22,6.73,17.66,2.3
2015-11-05,6.35,11.37,7.37,8.87,6.0,11.4,6.97,17.54,2.46
2015-11-06,6.26,11.59,7.37,8.87,6.05,11.3,6.77,17.09,2.63
2015-11-09,6.31,11.63,7.3,9.23,6.3,11.05,6.82,16.85,2.79
2015-11-10,6.29,11.55,7.23,9.26,6.41,10.93,6.67,16.81,2.46
2015-11-11,6.57,11.37,7.2,9.11,6.68,11.48,6.89,17.18,2.46
2015-11-12,6.56,11.44,7.0,9.45,6.69,11.46,6.86,17.02,2.3
2015-11-13,6.4,11.51,6.99,9.47,6.9,11.47,6.75,17.21,2.46
2015-11-16,6.46,11.37,6.94,9.69,6.9,11.25,6.62,17.17,2.14
2015-11-17,6.56,11.3,7.05,9.69,7.0,11.39,7.0,17.23,2.3
2015-11-18,6.63,11.3,6.9,9.72,6.87,11.45,6.89,17.27,2.3
2015-11-19,6.88,11.29,6.95,9.79,6.93,11.6,6.76,17.44,2.46
2015-11-23,6.81,11.23,6.77,9.86,6.38,11.75,6.66,17.18,2.46
2015-11-24,6.77,11.06,6.5,9.46,5.92,11.52,6.73,17.07,2.3
2015-11-25,6.53,10.98,6.19,9.08,5.53,11.66,6.4,16.76,2.3
2015-11-26,6.66,10.84,6.03,9.13,5.38,11.72,6.5,16.95,2.14
2015-11-27,6.52,10.77,6.01,9.31,5.48,11.54,6.33,16.73,2.14
2015-11-30,6.35,10.54,6.0,9.41,5.51,11.23,6.0,16.8,2.14
2015-12-01,6.32,10.55,5.95,9.42,5.43,11.49,5.82,16.88,2.3
2015-12-02,6.22,10.45,6.15,9.43,5.6,11.55,6.04,16.62,
2015-12-03,6.29,10.45,6.11,9.41,5.74,11.95,6.03,16.9,2.3
2015-12-04,6.18,10.47,5.92,9.42,5.41,11.44,5.87,16.71,2.14
2015-12-07,6.25,10.75,5.98,,5.45,11.55,5.9,16.76,1.97
2015-12-08,6.31,10.75,5.95,9.61,5.48,11.3,5.7,16.35,2.14
2015-12-09,6.53,10.92,6.16,9.6,5.34,11.6,5.76,16.65,1.97
2015-12-10,6.49,10.95,6.07,9.6,5.38,11.45,5.56,16.49,1.97
2015-12-11,6.25,11.0,6.07,9.6,5.4,11.43,5.57,16.47,2.14
2015-12-14,6.09,11.0,6.0,9.6,5.42,11.45,5.37,16.27,2.14
2015-12-15,6.11,11.0,6.05,9.6,5.41,11.55,5.42,16.09,1.97
2015-12-16,5.97,11.1,6.08,9.5,5.24,11.54,5.23,16.35,1.97
2015-12-17,6.09,11.09,6.12,9.3,5.34,11.65,5.16,16.36,1.97
2015-12-18,5.95,11.1,6.0,,5.2,11.42,4.7,16.04,2.14
2015-12-21,5.67,11.05,6.0,9.5,5.11,11.2,4.71,16.22,2.14
2015-12-22,5.82,11.08,6.05,9.4,5.03,11.41,4.65,16.31,2.14
2015-12-23,5.88,11.06,6.13,9.4,5.03,11.41,4.85,16.54,2.14
2015-12-28,6.01,11.0,6.07,9.6,4.92,11.39,5.32,16.48,1.97
2015-12-29,6.09,10.96,6.32,9.5,4.98,11.2,5.25,16.54,1.97
2015-12-30,6.06,11.03,6.24,9.6,5.22,10.88,4.85,16.22,1.97
2016-01-04,6.03,10.95,5.99,9.5,5.18,10.78,4.74,15.64,1.97
2016-01-05,5.93,10.99,5.69,9.56,4.84,10.72,4.58,15.88,1.97
2016-01-06,5.9,10.9,5.22,9.7,4.85,10.82,4.58,15.73,1.81
2016-01-07,5.88,10.8,4.55,,4.91,10.8,4.46,15.31,1.97
2016-01-08,5.8,10.92,4.3,9.85,5.15,10.75,4.5,15.51,1.97
2016-01-11,5.71,10.69,4.1,9.72,5.31,10.75,4.52,15.27,1.81
2016-01-12,5.72,10.65,3.95,,5.31,10.64,4.55,15.43,1.97
2016-01-13,5.7,10.45,3.33,9.65,5.42,10.7,4.6,15.29,
2016-01-14,5.9,10.45,2.61,9.8,5.57,10.67,4.83,15.31,1.81
2016-01-15,5.85,10.4,3.0,9.45,5.39,10.64,4.82,15.08,
2016-01-18,5.85,10.4,3.0,9.4,5.39,10.67,4.77,14.76,1.64
2016-01-19,5.93,10.25,2.44,9.34,5.45,10.61,4.83,15.22,1.81
2016-01-20,5.87,10.06,2.2,9.78,5.6,10.52,4.5,15.03,
2016-01-21,5.73,9.99,2.02,9.41,5.83,10.61,4.54,14.83,1.81
2016-01-22,5.86,9.93,1.5,9.79,5.64,10.55,4.45,15.31,1.81
2016-01-26,5.81,9.25,1.5,9.6,5.68,10.25,4.33,15.3,1.81
2016-01-27,5.76,8.75,1.67,9.6,5.57,10.25,4.32,16.19,1.81
2016-01-28,5.81,9.19,1.77,9.2,5.39,10.22,4.21,16.26,
2016-01-29,5.97,9.5,1.89,9.45,5.34,10.49,4.42,16.96,1.81
2016-02-01,6.16,9.53,1.99,9.47,5.52,10.76,4.52,16.84,
2016-02-02,6.01,9.43,1.85,9.45,5.43,10.58,4.57,16.45,1.81
2016-02-03,6.03,9.19,1.8,9.45,5.49,10.43,4.6,16.56,1.64
2016-02-04,6.19,9.02,1.89,,5.64,10.3,4.54,16.8,1.81
2016-02-05,6.56,9.16,2.3,9.26,5.57,10.5,4.44,16.6,1.64
2016-02-10,6.55,9.3,2.17,9.4,5.39,10.22,4.57,16.42,1.64
2016-02-11,6.19,9.76,2.06,,5.39,10.32,4.75,16.33,1.97
2016-02-12,6.23,10.15,2.14,9.45,5.28,10.33,4.64,16.4,1.81
2016-02-15,6.27,10.31,2.21,,5.5,10.4,4.9,16.4,1.81
2016-02-16,6.37,10.61,2.3,9.69,5.55,10.5,5.3,16.44,1.64
2016-02-17,6.38,11.1,2.28,9.6,5.46,10.65,5.65,16.71,1.64
2016-02-18,6.19,11.05,2.17,9.88,5.57,10.79,6.01,16.84,1.81
2016-02-19,6.19,11.05,2.16,,5.58,10.47,6.45,16.76,1.81
2016-02-22,6.45,11.17,2.2,9.92,5.86,10.7,7.01,17.01,1.81
2016-02-23,6.31,11.15,2.16,9.98,5.93,10.55,6.87,16.71,1.81
2016-02-24,6.27,11.0,2.21,9.98,5.9,10.41,6.9,16.64,1.64
2016-02-25,6.36,10.9,2.23,9.99,6.34,10.59,6.95,16.21,1.81
2016-02-26,6.48,10.91,2.34,10.13,6.5,10.57,6.65,16.13,1.81
2016-02-29,6.53,11.15,2.63,9.82,6.51,10.6,6.26,16.14,1.64
2016-03-01,6.68,11.0,2.9,9.74,6.42,10.9,6.38,16.7,1.64
2016-03-02,6.75,11.05,2.99,9.85,6.45,11.25,6.43,16.6,1.64
2016-03-03,7.54,11.0,2.88,9.76,6.52,13.05,6.7,16.87,1.81
2016-03-04,7.68,10.94,3.1,9.56,6.12,13.5,6.85,17.49,1.64
2016-03-07,7.33,11.03,3.09,9.44,5.93,13.1,6.81,17.54,1.81
2016-03-08,7.45,11.15,3.38,9.44,5.9,12.68,6.7,17.43,1.64
2016-03-09,7.19,11.2,3.7,9.46,5.81,12.77,7.01,17.07,1.64
2016-03-10,7.79,11.24,3.81,10.21,5.89,13.16,7.01,17.05,1.81
2016-03-11,8.11,11.26,3.56,,5.93,13.3,7.0,16.67,2.96
2016-03-14,8.15,11.3,3.27,10.04,5.74,13.0,6.95,16.51,2.96
2016-03-15,7.71,11.18,2.88,10.03,5.49,12.3,6.91,16.75,2.96
2016-03-16,7.68,11.14,3.11,,5.6,12.29,6.98,16.74,2.63
2016-03-17,8.02,11.04,3.39,9.86,5.75,13.01,7.05,17.14,2.79
2016-03-18,8.46,11.04,3.43,,5.9,13.37,6.44,16.86,2.96
2016-03-21,8.46,11.18,3.42,9.75,5.82,13.39,6.61,17.14,2.96
2016-03-22,8.31,11.13,3.45,9.79,5.71,13.56,6.95,17.15,2.96
2016-03-23,8.15,11.18,3.46,9.62,5.62,12.83,6.7,17.39,2.79
2016-03-24,8.13,11.18,3.31,,5.71,12.74,6.84,17.39,2.63
2016-03-28,8.98,11.2,3.35,9.9,5.68,12.34,6.94,17.66,2.79
2016-03-29,9.23,11.0,3.59,10.05,5.9,12.81,6.8,17.7,2.79
2016-03-30,9.05,11.1,3.3,10.2,5.87,13.24,7.0,17.52,3.29
2016-03-31,9.12,11.3,3.34,9.91,5.71,12.81,6.9,17.22,3.29
2016-04-01,8.94,11.34,3.47,9.95,5.79,13.27,6.81,17.26,3.45
2016-04-04,8.66,11.39,3.6,9.97,5.58,13.25,6.46,17.0,3.29
2016-04-05,8.75,11.36,3.2,9.91,5.59,13.32,6.3,17.19,3.45
2016-04-06,8.49,11.34,3.25,9.79,5.53,13.39,6.25,17.0,4.77
2016-04-07,8.57,11.3,2.7,,5.74,13.6,6.45,16.99,6.57
2016-04-08,8.88,11.45,3.25,10.0,6.18,14.06,6.85,16.99,9.04
2016-04-11,9.02,11.43,3.35,9.9,5.85,14.2,6.95,16.65,12.16
2016-04-12,9.06,11.43,3.66,9.9,5.88,13.97,7.25,16.81,12.0
2016-04-13,9.01,11.59,3.31,10.1,6.28,14.8,7.9,16.83,
2016-04-14,8.74,11.86,3.9,,6.19,14.5,8.15,17.15,15.6
2016-04-15,8.86,12.15,3.75,10.1,6.44,15.0,8.14,17.38,14.8
2016-04-18,8.64,12.3,3.74,10.1,6.49,14.95,8.07,17.35,15.2
2016-04-19,8.75,12.58,3.87,,6.49,14.84,7.96,17.53,13.6
2016-04-20,8.75,12.51,3.9,10.09,6.58,14.5,8.17,17.57,12.8
2016-04-22,8.6,12.23,3.95,,6.46,14.5,7.8,17.53,12.0
2016-04-25,8.42,12.15,3.95,10.0,6.32,14.3,7.5,17.51,12.4
2016-04-26,8.54,11.83,4.27,10.01,6.53,14.35,7.95,17.61,12.8
2016-04-27,8.6,11.71,4.31,,6.68,14.6,8.2,17.72,12.8
2016-04-28,8.74,11.88,4.27,10.05,6.71,14.64,8.32,17.81,12.4
2016-04-29,8.79,12.0,4.28,10.1,6.82,15.28,8.62,17.74,12.0
2016-05-02,8.54,11.92,4.39,10.11,6.8,15.07,9.0,17.85,
2016-05-03,8.23,11.92,4.29,10.06,6.89,14.68,8.75,17.93,
2016-05-04,8.3,11.92,4.52,,6.86,14.6,8.68,17.94,
2016-05-05,8.59,11.94,4.45,10.0,6.79,14.21,8.5,17.51,10.4
2016-05-06,8.79,11.95,4.5,10.2,6.91,14.11,8.48,17.24,11.2
2016-05-09,8.94,11.6,4.4,10.12,6.87,14.05,8.13,17.29,10.4
2016-05-10,9.24,11.8,4.45,10.24,6.83,14.31,8.15,17.47,10.8
2016-05-11,9.34,11.85,4.4,,6.91,14.37,8.11,17.26,10.4
2016-05-12,9.55,11.85,4.4,10.3,7.15,14.7,8.08,17.55,10.4
2016-05-13,9.52,11.87,4.48,10.17,7.09,14.25,8.14,17.17,8.8
2016-05-16,9.44,11.9,4.28,10.19,7.08,13.75,8.15,17.18,8.8
2016-05-17,9.15,11.9,3.99,10.23,7.17,13.7,,16.98,9.2
2016-05-18,9.12,11.8,3.85,10.2,7.24,13.5,8.0,16.84,8.4
2016-05-19,9.12,11.72,3.83,10.25,7.25,13.15,8.08,17.02,8.0
2016-05-20,9.18,11.85,4.06,10.23,7.37,13.21,8.14,16.97,9.2
2016-05-23,9.31,11.78,3.92,10.2,7.18,13.25,8.15,16.87,9.6
2016-05-24,9.24,11.7,4.07,10.2,7.08,13.06,7.79,17.1,10.4
2016-05-25,9.25,11.55,4.37,,7.23,12.91,8.0,17.37,10.8
2016-05-27,9.15,11.55,4.48,,7.37,12.5,7.8,17.66,13.6
2016-05-30,9.17,11.74,4.5,10.25,7.29,12.6,7.5,17.52,24.4
2016-05-31,9.02,11.87,4.74,10.3,7.4,12.45,7.26,17.49,24.0
2016-06-01,9.01,11.75,4.75,10.29,7.29,12.37,7.51,17.7,18.0
2016-06-02,8.86,11.74,4.92,10.19,7.27,13.02,7.6,17.64,16.4
2016-06-03,8.9,11.66,4.93,10.3,7.4,13.1,7.56,17.84,17.2
2016-06-06,8.85,11.5,5.05,10.15,7.3,13.06,7.54,17.77,20.8
2016-06-07,9.06,11.27,4.93,10.12,7.4,13.12,7.55,17.47,18.4
2016-06-08,9.2,11.27,4.87,10.25,7.58,13.23,7.78,17.63,18.0
2016-06-09,9.24,11.28,4.77,,7.56,13.35,7.51,17.53,16.8
2016-06-10,8.99,11.2,4.5,10.01,7.34,13.17,7.33,17.13,15.6
2016-06-13,9.03,11.0,4.46,10.01,7.47,13.09,7.23,17.3,16.8
2016-06-14,8.79,11.0,4.46,10.06,7.12,13.25,7.48,16.99,15.6
2016-06-15,8.8,11.21,4.58,,7.33,13.07,7.55,16.91,15.6
2016-06-16,9.0,11.01,4.53,10.05,7.25,13.07,7.54,17.08,16.0
2016-06-17,8.83,11.28,4.43,,7.21,13.14,7.6,17.03,11.6
2016-06-20,9.16,11.08,4.67,10.2,7.19,13.24,7.35,17.01,10.0
2016-06-21,8.83,11.1,4.74,10.29,7.48,13.4,7.59,17.0,9.6
2016-06-22,8.75,11.1,4.8,10.29,7.51,13.35,7.44,16.76,10.6
2016-06-23,9.09,11.99,4.91,10.3,7.62,13.62,7.6,16.94,9.92
2016-06-24,8.84,11.85,4.78,10.1,7.41,13.43,7.34,16.91,10.2
2016-06-27,8.82,11.9,4.7,10.14,7.29,13.37,7.1,17.12,9.6
2016-06-28,9.12,11.96,4.87,10.25,7.4,13.64,7.15,17.16,10.08
2016-06-29,9.58,11.9,4.94,10.29,7.41,13.88,7.19,17.4,9.84
2016-06-30,9.69,11.97,4.9,,7.74,14.1,7.19,17.43,9.24
2016-07-01,9.75,12.11,4.85,10.28,7.56,14.05,7.25,17.59,9.56
2016-07-04,9.78,11.94,5.2,,7.4,14.14,7.24,17.44,9.28
2016-07-05,9.96,12.3,5.26,10.17,7.29,14.14,7.25,17.65,9.08
2016-07-06,9.84,12.4,5.31,10.18,7.39,14.03,7.3,17.55,9.32
2016-07-07,9.78,12.55,5.38,10.29,7.51,14.04,7.36,17.48,11.12
2016-07-08,10.23,12.75,5.54,10.12,7.65,14.39,7.77,17.75,11.0
2016-07-11,10.56,12.65,5.63,10.34,7.73,14.36,8.05,17.75,11.84
2016-07-12,10.73,12.61,5.51,,7.46,14.32,8.0,17.78,13.2
2016-07-13,10.9,12.21,5.35,10.36,7.94,14.44,7.99,17.6,12.0
2016-07-14,11.36,12.6,5.4,10.4,8.03,14.55,7.93,17.6,11.24
2016-07-15,11.18,12.45,5.4,,8.07,14.69,7.95,17.46,11.08
2016-07-18,11.6,12.44,5.69,10.4,7.86,15.01,8.04,17.56,
2016-07-19,11.33,12.7,5.99,10.68,7.99,14.95,8.08,17.66,
2016-07-20,11.01,12.79,5.9,10.58,7.98,14.94,7.9,17.61,11.0
2016-07-21,10.74,12.7,5.88,10.6,8.14,15.05,8.05,17.69,11.76
2016-07-22,10.89,12.7,6.0,,8.29,15.06,8.2,17.86,11.6
2016-07-25,10.98,13.03,6.02,10.87,8.51,15.01,8.08,17.86,11.4
2016-07-26,10.83,12.88,6.03,,8.28,14.9,8.05,17.83,11.0
2016-07-27,10.9,12.81,6.09,10.87,8.36,14.92,8.2,17.8,11.04
2016-07-28,10.86,12.56,6.04,10.83,8.38,14.59,8.19,17.91,11.44
2016-07-29,11.05,12.73,6.12,10.6,8.51,14.49,8.3,17.32,11.12
2016-08-01,10.76,12.72,6.12,10.46,8.37,14.28,8.24,17.5,11.12
2016-08-02,10.58,12.62,6.26,10.39,8.37,14.31,7.85,17.36,10.8
2016-08-03,10.87,12.64,6.45,10.61,8.14,14.51,8.34,17.17,10.44
2016-08-04,11.27,12.57,6.47,10.76,8.28,15.53,8.72,17.25,10.08
2016-08-05,11.16,12.55,6.66,10.75,8.25,15.95,9.95,17.6,9.76
2016-08-08,10.98,12.6,6.43,10.55,8.3,15.45,9.84,17.73,9.64
2016-08-09,11.16,12.6,6.5,10.49,8.11,15.7,9.75,17.74,11.4
2016-08-10,10.98,12.55,6.39,10.47,7.7,15.56,9.61,17.66,10.44
2016-08-11,11.11,12.09,7.0,10.63,7.85,15.99,9.63,17.96,10.28
2016-08-12,11.05,12.16,6.85,10.53,7.85,15.2,9.56,18.18,10.8
2016-08-15,11.09,12.2,6.88,10.7,7.86,15.13,9.47,18.37,10.48
2016-08-16,10.98,12.2,6.8,10.46,7.55,15.25,9.36,18.43,10.6
2016-08-17,10.92,12.1,7.04,10.67,7.62,15.21,9.27,18.47,10.44
2016-08-18,10.83,11.99,7.12,10.75,7.79,15.15,9.0,18.35,10.52
2016-08-19,10.82,11.95,7.57,10.75,7.75,15.47,9.49,18.29,10.32
2016-08-22,10.58,12.26,7.3,10.67,7.68,15.7,9.06,18.05,10.12
2016-08-23,10.7,12.26,7.45,10.68,7.62,15.8,9.08,18.04,10.44
2016-08-24,10.61,12.24,7.3,10.75,7.45,15.47,9.1,18.04,10.24
2016-08-25,10.54,12.19,7.22,10.68,7.57,15.36,9.1,17.79,10.48
2016-08-26,10.87,12.13,7.2,10.71,7.6,15.58,9.1,17.68,10.48
2016-08-29,11.21,12.23,7.19,10.7,7.54,15.24,9.15,17.73,10.48
2016-08-30,11.27,12.02,7.08,10.72,7.71,15.31,9.16,17.73,9.2
2016-08-31,11.25,12.07,7.2,10.84,7.75,15.06,8.75,17.68,8.08
2016-09-01,11.08,11.91,7.1,10.71,7.56,16.0,9.0,18.12,7.32
2016-09-02,11.45,12.29,7.21,10.75,7.62,16.0,9.05,18.28,7.76
2016-09-05,11.25,12.0,7.29,10.75,7.68,15.54,9.0,18.31,7.6
2016-09-06,11.2,11.75,7.29,10.76,7.7,16.05,9.0,18.43,7.2
2016-09-08,11.23,11.55,7.3,10.75,7.49,16.17,9.07,18.43,7.2
2016-09-09,11.06,11.38,6.96,,7.33,15.59,8.35,18.19,6.72
2016-09-12,11.08,11.01,6.92,10.84,7.38,16.25,8.26,18.19,6.8
2016-09-13,10.69,11.01,6.67,,7.23,16.18,7.75,17.89,6.2
2016-09-14,10.74,11.43,6.62,10.83,7.45,15.9,7.7,18.11,6.4
2016-09-15,10.84,11.25,6.66,10.83,7.48,15.81,7.7,18.18,6.04
2016-09-16,10.19,11.06,6.6,,7.52,15.71,8.2,17.9,6.08
2016-09-19,10.43,11.13,6.58,10.72,7.64,15.6,8.18,17.92,5.92
2016-09-20,10.66,11.05,6.26,10.83,7.48,15.54,8.0,17.96,4.68
2016-09-21,10.84,11.5,6.18,10.75,7.6,15.7,7.99,17.93,4.8
2016-09-22,10.9,11.33,6.28,10.76,7.55,15.83,7.78,18.12,7.4
2016-09-23,10.9,11.6,6.29,10.83,7.65,15.84,7.6,18.18,6.6
2016-09-26,10.9,11.41,6.16,10.72,7.45,15.45,7.14,18.08,6.56
2016-09-27,10.78,11.38,6.17,10.61,7.41,15.56,7.28,18.15,6.4
2016-09-28,10.66,11.25,6.31,10.6,7.42,15.85,7.28,18.29,5.84
2016-09-29,10.47,11.24,6.22,,7.21,15.55,7.39,18.17,5.36
2016-09-30,10.58,11.48,6.32,10.5,7.2,15.45,7.53,18.26,6.96
2016-10-03,10.65,11.46,6.29,,7.34,15.7,7.71,18.19,6.24
2016-10-04,10.82,11.4,6.18,10.49,7.67,15.88,7.65,18.0,6.64
2016-10-05,10.77,11.41,6.17,10.46,7.71,15.89,7.47,18.05,6.12
2016-10-06,10.73,11.35,6.18,,7.71,15.85,7.47,18.1,6.16
2016-10-07,10.96,11.41,6.19,10.4,7.66,15.85,7.3,18.1,6.2
2016-10-10,11.01,11.48,6.14,,7.79,15.9,7.36,18.13,6.24
2016-10-11,10.96,11.19,6.52,10.35,7.74,15.85,7.15,17.92,6.04
2016-10-13,11.16,11.17,6.52,9.73,7.68,15.84,7.15,17.72,5.84
2016-10-14,11.19,11.12,6.58,9.74,7.77,16.07,7.43,17.99,5.92
2016-10-17,11.31,11.1,6.56,,7.83,16.6,7.4,18.02,5.96
2016-10-18,11.55,11.2,6.86,9.75,7.75,16.98,7.33,18.1,5.96
2016-10-19,11.5,11.16,6.65,,7.66,16.87,7.06,18.13,5.6
2016-10-20,11.48,11.25,6.85,,7.6,16.93,7.39,18.1,5.68
2016-10-21,11.3,11.28,6.77,9.45,7.72,16.86,7.4,18.19,5.68
2016-10-24,11.49,11.25,6.83,9.02,7.82,17.03,7.25,18.15,5.4
2016-10-25,11.56,11.15,6.83,9.0,7.94,16.89,7.35,17.99,5.4
2016-10-26,11.76,11.15,6.73,8.96,8.03,16.62,7.27,18.0,5.44
2016-10-27,11.7,11.2,6.84,9.05,8.01,16.79,7.37,17.96,5.36
2016-10-28,11.84,10.34,6.85,9.02,8.14,16.34,7.5,17.6,5.2
2016-10-31,12.06,9.96,7.14,9.01,7.91,16.78,7.75,17.35,5.52
2016-11-01,11.8,9.75,6.9,8.92,7.6,16.22,7.6,17.03,5.28
2016-11-03,11.67,9.67,6.36,8.92,7.64,15.92,6.85,16.63,5.24
2016-11-04,11.7,9.95,6.1,8.97,7.67,15.5,6.7,16.46,5.24
2016-11-07,11.49,10.1,6.55,8.83,7.43,16.1,7.0,16.72,5.12
2016-11-08,11.11,10.29,6.76,8.99,7.36,16.39,6.65,16.78,5.0
2016-11-09,10.98,10.1,6.72,8.77,7.25,16.15,6.41,16.66,4.8
2016-11-10,10.58,9.94,6.1,9.02,7.07,15.6,6.49,16.77,4.84
2016-11-11,10.18,9.64,5.51,8.87,7.18,14.51,6.45,16.21,4.64
2016-11-14,10.27,9.5,5.25,9.0,7.19,14.5,6.49,16.07,4.48
2016-11-16,10.51,9.95,5.46,,7.27,14.3,6.38,16.57,4.24
2016-11-17,10.19,10.0,5.79,,7.22,14.5,6.49,16.37,4.04
2016-11-18,10.31,10.11,5.75,9.0,7.12,14.3,6.36,16.09,4.24
2016-11-21,10.47,10.07,5.99,8.74,7.13,14.51,6.6,16.21,4.24
2016-11-22,10.51,10.0,6.2,8.79,7.11,14.39,6.64,15.95,4.12
2016-11-23,10.55,10.03,6.18,8.3,7.09,14.67,6.55,16.39,4.12
2016-11-24,10.86,10.0,6.17,,7.15,14.6,6.39,16.12,4.2
2016-11-25,10.83,9.95,6.18,8.89,7.6,14.49,6.44,16.01,4.2
2016-11-28,10.76,9.95,6.6,8.72,7.57,14.38,6.36,16.31,4.16
2016-11-29,10.58,9.95,6.2,8.74,7.56,14.39,6.37,15.85,4.2
2016-11-30,10.82,9.99,6.36,8.56,7.75,14.79,6.2,15.93,4.24
2016-12-01,10.19,9.98,5.91,8.56,7.61,14.0,6.15,15.45,3.8
2016-12-02,10.22,9.97,5.83,,7.56,14.0,6.22,15.53,3.84
2016-12-05,10.18,9.85,5.84,,7.56,13.97,6.04,15.29,3.64
2016-12-06,10.43,9.78,5.95,8.56,7.69,14.22,6.16,15.56,3.64
2016-12-07,10.39,9.8,5.92,8.4,7.68,14.5,6.18,15.46,3.68
2016-12-08,10.35,9.84,5.92,8.36,7.79,14.78,6.25,15.29,3.52
2016-12-09,10.66,9.86,6.02,8.3,7.9,14.68,6.3,15.46,3.52
2016-12-12,10.22,9.85,5.86,8.92,7.68,14.8,6.27,14.97,3.48
2016-12-13,10.27,9.87,5.93,,7.83,14.76,6.47,15.14,3.44
2016-12-14,10.19,10.4,5.71,8.87,8.06,14.24,6.63,15.02,3.28
2016-12-15,10.22,10.51,5.72,8.45,7.8,14.18,6.44,15.16,3.2
2016-12-16,10.47,10.6,5.94,8.8,7.87,14.2,6.17,15.5,3.28
2016-12-19,10.19,10.5,5.93,8.92,7.87,13.91,5.76,15.15,3.28
2016-12-20,10.17,10.48,5.97,8.87,7.59,13.75,5.9,15.24,3.24
2016-12-21,10.14,10.5,5.92,8.33,7.69,13.9,6.0,15.18,3.24
2016-12-22,10.29,10.49,5.93,8.5,7.71,13.99,5.84,14.9,3.28
2016-12-23,10.5,10.56,5.92,,7.64,14.09,5.95,15.07,3.24
2016-12-26,10.53,10.69,5.99,,7.56,14.25,6.0,15.24,3.16
2016-12-27,10.76,10.82,6.0,8.63,7.56,14.29,5.85,15.17,3.12
2016-12-28,10.95,10.93,6.15,8.62,7.84,14.5,5.85,15.29,3.16
2016-12-29,10.92,11.05,6.14,8.88,7.57,14.45,5.96,15.45,3.16
2017-01-02,10.97,10.95,6.11,8.72,7.44,14.69,6.38,15.36,3.16
2017-01-03,11.44,10.95,6.18,,7.49,15.0,6.44,15.67,3.2
2017-01-04,11.77,10.95,6.18,,7.63,15.26,6.27,15.55,3.04
2017-01-05,11.96,10.96,6.19,9.19,7.56,15.38,6.32,15.63,3.04
2017-01-06,12.08,11.0,6.35,9.19,7.59,15.18,6.29,15.5,3.04
2017-01-09,12.04,10.96,6.45,9.33,7.62,15.01,6.42,15.57,2.92
2017-01-10,12.04,10.97,6.56,9.31,7.7,14.87,6.49,15.39,2.84
2017-01-11,12.12,11.23,6.59,9.3,7.68,14.98,6.3,15.46,2.92
2017-01-12,12.9,11.33,6.89,9.31,7.71,15.88,6.75,15.95,2.88
2017-01-13,13.07,11.29,6.75,,7.62,15.65,6.74,16.11,2.84
2017-01-16,13.08,11.24,6.74,9.79,7.71,15.4,6.68,16.06,2.84
2017-01-17,13.15,11.25,6.88,,7.62,14.97,6.55,16.2,3.36
2017-01-18,13.02,11.3,6.86,9.89,7.56,14.49,6.51,16.26,4.36
2017-01-19,12.95,11.3,6.9,9.4,7.46,14.79,6.49,16.29,4.48
2017-01-20,12.86,11.48,7.26,9.81,7.52,15.09,6.59,16.34,4.48
2017-01-23,13.05,11.5,7.36,,7.45,15.24,6.51,16.33,3.62
2017-01-24,13.51,11.63,7.5,9.5,7.62,15.3,6.51,16.36,3.91
2017-01-26,13.82,11.81,7.65,10.0,8.06,15.26,6.6,16.37,3.65
2017-01-27,13.81,11.86,7.67,9.57,7.9,15.32,6.51,16.38,3.35
2017-01-30,13.62,11.75,7.39,9.4,7.87,14.88,6.34,16.05,3.0
2017-01-31,13.64,11.9,7.5,9.9,7.86,14.95,6.34,16.27,3.15
2017-02-01,13.78,11.82,7.52,9.9,7.74,14.94,6.27,16.38,3.07
2017-02-02,13.78,11.75,7.62,10.09,7.64,14.75,6.29,16.23,3.1
2017-02-03,13.85,11.06,7.75,9.5,7.8,15.09,6.27,16.41,3.06
2017-02-06,13.89,11.06,7.9,9.51,7.69,14.8,6.12,16.14,3.04
2017-02-07,14.1,10.65,7.86,9.5,7.76,14.6,6.01,16.09,2.92
2017-02-08,14.01,10.92,7.9,9.49,7.9,15.12,5.94,16.04,2.82
2017-02-09,14.8,10.97,7.93,,7.83,15.35,5.98,15.97,3.7
2017-02-10,14.96,10.87,8.34,,7.85,15.29,5.98,16.21,3.3
2017-02-13,15.28,10.91,8.7,,8.24,15.54,6.2,16.31,3.29
2017-02-14,15.56,10.9,8.55,,8.32,15.54,6.45,16.44,3.31
2017-02-15,16.23,10.85,8.74,,8.77,15.64,6.93,17.04,3.3
2017-02-16,15.91,11.16,8.8,9.97,8.99,15.51,6.9,16.99,3.35
2017-02-17,15.5,11.39,9.15,9.8,9.05,15.36,6.91,16.93,3.4
2017-02-20,15.41,11.49,9.3,9.83,9.15,15.44,6.95,16.87,3.44
2017-02-21,15.0,11.34,9.08,10.1,9.3,15.49,6.94,17.09,3.28
2017-02-22,14.88,11.24,8.72,10.1,9.2,15.07,7.42,17.29,3.4
2017-02-23,15.5,10.93,8.53,7.6,9.3,14.63,7.36,17.14,3.24
2017-02-24,15.0,11.16,8.58,7.6,8.94,14.54,6.91,16.87,3.27
2017-03-01,15.5,10.92,8.49,7.81,9.08,14.37,7.0,16.94,3.35
2017-03-02,15.52,10.92,8.2,7.61,8.88,14.5,7.24,16.27,3.17
2017-03-03,15.95,10.92,8.49,7.61,9.01,14.39,7.4,16.44,3.2
2017-03-06,16.17,11.44,8.63,7.6,9.19,14.74,7.42,16.31,3.09
2017-03-07,16.56,11.71,8.4,,9.11,14.45,7.34,15.91,3.11
2017-03-08,16.28,11.69,8.2,,9.0,14.35,7.14,16.19,3.0
2017-03-09,15.85,11.44,8.05,7.6,8.92,14.55,6.81,16.36,2.99
2017-03-10,16.26,11.66,8.41,,9.07,14.67,6.96,16.36,3.01
2017-03-13,16.28,11.4,8.74,7.9,9.23,14.75,6.9,16.42,3.04
2017-03-14,16.03,11.1,8.66,,9.24,14.65,6.8,16.17,2.93
2017-03-15,15.96,11.13,8.95,,9.31,14.95,6.88,16.36,3.0
2017-03-16,15.63,11.3,8.88,8.12,9.23,14.75,6.75,16.34,2.97
2017-03-17,15.21,11.02,9.0,7.74,9.29,14.55,6.93,16.27,2.85
2017-03-20,14.96,10.97,8.91,7.88,9.48,14.31,6.99,16.68,2.83
2017-03-21,14.44,10.92,8.59,7.96,9.51,14.3,6.9,16.47,2.8
2017-03-22,15.04,10.79,8.75,,9.42,14.35,7.05,16.37,2.8
2017-03-23,15.66,10.97,8.7,,9.4,14.3,7.18,16.49,2.8
2017-03-24,15.45,10.92,8.55,,9.24,14.45,7.2,16.67,2.8
2017-03-27,15.3,10.78,8.55,,9.03,14.33,7.37,16.82,2.98
2017-03-28,15.29,11.15,8.55,,9.1,14.85,7.54,16.96,2.98
2017-03-29,14.69,11.19,8.53,8.19,9.25,15.27,7.48,17.19,2.93
2017-03-30,15.35,11.15,8.55,8.0,9.35,15.39,7.46,17.28,2.83
2017-03-31,15.44,11.14,8.55,7.92,9.37,15.29,7.48,17.25,2.88
2017-04-03,15.33,11.12,8.87,,9.37,15.37,7.82,17.02,2.87
2017-04-04,15.35,11.4,8.96,,9.45,15.39,7.97,17.13,2.78
2017-04-05,15.37,11.2,8.72,8.19,9.16,15.25,8.0,16.91,2.78
2017-04-06,15.13,11.2,8.6,8.1,8.92,15.14,7.77,17.0,2.67
2017-04-07,15.17,11.38,8.75,,8.99,15.01,7.75,17.07,2.6
2017-04-10,15.11,11.48,8.81,8.1,9.06,14.97,7.95,17.02,2.48
2017-04-11,14.9,11.49,8.89,,9.03,14.91,8.1,16.66,2.44
2017-04-12,14.57,11.48,8.85,,9.04,14.77,8.31,16.71,2.45
2017-04-13,14.2,11.38,8.61,,8.91,14.7,8.25,16.79,2.4
2017-04-17,14.84,11.45,8.85,8.32,9.14,15.12,8.38,17.08,2.39
2017-04-18,14.76,11.82,8.94,7.8,9.0,15.27,8.26,17.17,2.41
2017-04-19,14.34,11.8,8.85,8.22,9.14,14.84,8.13,17.12,2.39
2017-04-20,14.26,11.89,8.69,,9.03,14.79,8.11,17.0,2.39
2017-04-24,14.41,11.78,8.62,9.46,9.03,14.89,8.16,17.05,2.38
2017-04-25,14.83,11.8,8.6,10.63,9.54,15.19,8.22,17.32,2.46
2017-04-26,14.63,11.73,8.58,10.25,9.64,14.81,8.24,17.22,2.35
2017-04-27,14.47,11.74,8.68,10.25,9.78,14.94,8.21,17.21,2.25
2017-04-28,14.69,11.89,8.73,10.21,10.13,14.97,8.35,17.27,2.36
2017-05-02,15.37,11.85,9.27,10.1,9.88,14.8,8.39,17.56,2.38
2017-05-03,15.5,11.93,9.38,10.14,10.05,14.48,8.15,17.55,2.33
2017-05-04,15.08,11.9,9.2,9.84,9.75,14.3,7.77,18.0,2.3
2017-05-05,14.82,11.93,9.23,9.79,9.54,14.48,7.54,17.87,2.37
2017-05-08,14.9,12.08,9.28,9.79,9.52,14.53,7.88,17.86,2.36
2017-05-09,15.61,11.87,9.7,9.79,9.61,14.66,8.07,17.92,2.37
2017-05-10,15.99,11.9,9.7,9.95,9.91,15.35,8.13,18.15,2.31
2017-05-11,15.99,11.9,9.91,,9.75,16.08,8.23,18.47,2.28
2017-05-12,15.89,11.99,9.92,9.79,9.71,16.34,8.0,18.62,2.29
2017-05-15,15.89,12.02,10.13,9.67,9.4,16.26,8.0,18.67,2.35
2017-05-16,16.0,12.08,10.47,,9.31,16.76,7.96,18.74,2.42
2017-05-17,15.84,11.92,10.33,,9.39,16.31,7.95,18.57,2.57
2017-05-18,14.01,11.06,8.58,9.54,8.36,13.76,6.65,17.78,2.25
2017-05-19,14.31,11.62,8.87,,8.61,13.8,6.68,17.61,2.32
2017-05-22,13.63,11.3,7.9,,8.16,13.11,6.47,17.56,2.05
2017-05-23,13.82,11.43,7.99,,8.47,13.69,6.52,17.86,2.0
2017-05-24,14.26,11.34,8.57,9.77,8.91,14.15,6.64,17.83,2.21
2017-05-25,14.57,11.34,8.72,9.07,9.27,13.83,6.8,17.89,2.05
2017-05-26,15.04,11.46,8.78,9.13,9.16,14.05,6.65,18.0,2.15
2017-05-29,14.54,11.33,8.65,9.23,9.28,14.03,6.7,17.85,2.17
2017-05-30,14.52,11.42,8.56,9.39,9.2,13.74,6.7,17.77,2.1
2017-05-31,14.31,11.44,8.48,9.16,9.12,13.65,6.53,17.69,2.02
2017-06-01,13.82,11.3,8.26,9.12,9.09,13.36,6.46,17.54,1.98
2017-06-02,14.08,11.62,8.18,,9.24,13.61,6.55,17.56,1.96
2017-06-05,13.86,11.62,7.88,9.12,9.35,13.89,6.56,17.88,2.04
2017-06-06,13.95,11.76,7.78,9.12,9.46,15.06,6.39,18.03,2.05
2017-06-07,14.1,11.79,8.03,,9.57,15.33,6.52,17.82,2.0
2017-06-08,13.93,11.67,7.92,9.54,9.51,14.86,6.58,17.52,1.97
2017-06-09,13.52,11.75,7.88,9.64,9.5,15.04,6.5,17.13,1.98
2017-06-12,13.62,11.48,7.74,9.23,9.42,14.84,6.42,17.1,2.02
2017-06-13,13.77,11.34,7.9,9.23,9.5,14.81,6.43,17.39,1.98
2017-06-14,14.25,11.33,8.11,9.23,9.58,15.01,6.3,17.19,1.97
2017-06-16,14.14,11.32,8.3,9.77,9.7,15.45,5.95,16.81,1.9
2017-06-19,14.01,11.34,8.34,9.77,9.43,15.49,5.89,16.9,1.92
2017-06-20,13.5,11.32,8.12,10.16,9.58,15.08,5.75,17.09,1.94
2017-06-21,13.55,11.37,8.13,10.01,9.66,14.95,5.64,17.14,1.89
2017-06-22,13.48,11.38,8.4,10.08,9.74,14.9,5.64,17.21,2.03
2017-06-23,13.35,11.33,8.25,,9.71,14.68,5.45,17.25,2.05
2017-06-26,13.56,11.46,8.36,10.39,10.08,14.94,5.5,17.43,2.05
2017-06-27,13.46,11.33,8.27,10.0,10.12,14.91,5.35,17.45,2.05
2017-06-28,13.52,11.25,8.27,10.16,9.97,14.93,5.12,17.46,2.06
2017-06-29,13.81,11.34,8.43,,10.07,14.68,5.1,17.41,1.95
2017-06-30,13.84,11.34,8.65,10.24,10.51,14.97,5.13,17.47,2.05
2017-07-03,13.82,11.32,8.7,10.55,10.66,15.18,5.43,17.44,1.98
2017-07-04,13.63,11.33,8.75,10.77,10.66,15.36,5.49,17.4,2.0
2017-07-05,13.58,11.25,8.95,10.93,10.54,15.29,5.63,17.38,1.98
2017-07-06,13.61,11.16,8.91,11.01,10.54,15.11,5.26,16.96,1.95
2017-07-07,13.35,11.06,8.8,10.98,10.7,15.09,5.21,17.19,2.01
2017-07-10,13.41,11.09,8.81,10.55,10.59,15.35,5.28,17.47,1.96
2017-07-11,13.66,11.13,8.98,10.54,10.73,15.34,5.35,17.67,1.98
2017-07-12,14.12,11.12,9.06,10.54,10.89,15.69,5.5,17.79,2.03
2017-07-13,14.46,11.16,9.45,10.81,11.42,19.01,5.7,17.82,2.05
2017-07-14,14.4,11.12,9.59,11.27,11.85,19.3,5.85,17.89,2.2
2017-07-17,14.4,11.05,9.44,11.88,11.75,19.45,5.64,17.97,2.45
2017-07-18,14.46,11.05,9.6,11.4,11.27,19.54,5.9,17.89,2.51
2017-07-19,14.35,11.05,9.65,11.16,10.97,19.3,5.75,17.95,2.7
2017-07-20,14.29,10.9,9.65,10.86,11.12,19.3,5.78,17.92,2.73
2017-07-21,14.08,10.86,9.95,10.89,11.19,19.3,5.75,17.95,2.6
2017-07-24,14.2,10.95,10.16,11.24,11.35,19.17,5.89,17.95,2.6
2017-07-25,14.16,10.89,10.2,11.31,11.28,19.23,5.98,18.01,2.61
2017-07-26,14.16,10.88,10.08,11.28,10.93,19.38,5.8,17.96,2.6
2017-07-27,13.92,10.92,10.19,11.04,11.08,19.33,5.92,18.23,2.68
2017-07-28,13.92,10.9,10.42,11.47,11.49,19.13,5.9,18.22,2.67
2017-07-31,14.05,11.02,10.34,11.97,11.42,19.24,5.9,18.27,2.59
2017-08-01,14.16,11.02,10.3,10.81,11.5,19.25,5.78,18.36,2.5
2017-08-02,14.25,10.97,10.97,11.36,11.65,19.49,5.85,18.51,2.4
2017-08-03,14.08,11.02,10.82,11.21,11.19,20.16,5.93,18.37,2.43
2017-08-04,14.08,11.05,10.83,11.49,11.32,20.31,6.32,18.37,2.59
2017-08-07,14.07,11.14,10.88,11.07,11.19,20.73,6.6,18.46,2.58
2017-08-08,14.0,11.14,10.85,11.08,11.12,21.9,6.9,18.5,2.55
2017-08-09,14.24,11.08,10.74,11.0,11.04,21.81,6.72,18.53,2.5
2017-08-10,14.46,11.08,10.45,10.71,10.93,21.81,6.75,18.51,2.52
2017-08-11,14.68,11.09,10.38,11.0,11.04,22.1,6.2,18.62,2.52
2017-08-14,15.02,11.06,10.34,11.21,11.01,21.9,6.05,18.8,2.53
2017-08-15,14.92,11.08,10.07,10.94,10.95,21.81,6.13,18.87,2.56
2017-08-16,14.85,11.06,10.27,11.33,10.99,21.81,6.16,18.9,2.42
2017-08-17,14.77,10.95,10.1,10.99,11.03,22.39,6.12,18.88,2.4
2017-08-18,14.89,10.92,10.23,11.03,10.94,22.64,6.16,18.85,2.5
2017-08-21,14.83,10.92,10.08,10.79,10.86,22.68,6.67,18.83,2.35
2017-08-22,15.27,10.92,10.33,10.74,10.75,22.66,6.6,18.84,2.28
2017-08-23,15.6,11.01,10.42,10.72,10.45,22.38,6.59,18.93,2.34
2017-08-24,15.52,11.13,10.47,10.65,10.62,22.7,6.7,18.89,2.38
2017-08-25,15.23,11.14,10.32,10.64,10.6,22.77,6.95,18.94,2.38
2017-08-28,15.36,11.14,10.49,11.13,11.26,23.54,7.34,18.94,2.33
2017-08-29,15.29,11.14,10.5,10.93,10.82,23.64,7.18,18.98,2.24
2017-08-30,15.0,11.37,10.37,10.82,10.76,23.78,7.1,18.97,2.19
2017-08-31,14.6,11.41,10.33,11.12,10.64,23.74,7.13,18.95,2.18
2017-09-01,15.02,11.43,10.35,10.91,10.68,23.99,7.57,18.85,2.17
2017-09-04,15.02,11.42,10.1,10.65,10.76,24.16,7.58,18.82,2.16
2017-09-05,14.69,11.46,10.14,10.76,10.8,24.29,7.35,18.91,2.2
2017-09-06,14.83,11.44,9.75,10.65,11.01,25.28,7.68,19.2,2.15
2017-09-08,14.93,11.45,9.86,10.76,11.13,27.01,7.83,19.18,2.15
2017-09-11,15.37,11.58,9.9,10.89,11.53,27.26,8.03,19.33,2.14
2017-09-12,15.12,11.69,9.82,11.03,11.72,27.45,8.38,20.04,2.05
2017-09-13,15.62,11.83,9.84,10.97,11.71,27.65,8.83,20.21,2.15
2017-09-14,15.45,12.11,9.95,11.06,11.57,27.59,9.49,20.22,2.07
2017-09-15,15.64,12.43,10.2,10.83,11.82,27.56,9.5,20.47,2.16
2017-09-18,15.76,12.55,10.5,10.85,11.96,27.64,9.79,20.23,2.15
2017-09-19,15.82,12.47,10.57,10.81,12.07,27.5,9.94,20.42,2.14
2017-09-20,15.61,12.46,10.49,10.79,12.26,27.49,9.69,20.49,2.22
2017-09-21,15.62,12.47,10.39,10.84,12.03,27.6,9.55,20.38,2.13
2017-09-22,15.62,12.64,10.84,10.84,12.09,27.46,9.35,20.53,2.18
2017-09-25,15.19,12.37,11.14,10.98,11.95,27.16,8.9,20.51,2.15
2017-09-26,15.09,12.51,11.35,10.76,11.95,27.58,9.45,20.21,2.09
2017-09-27,14.92,12.37,11.59,10.83,11.99,27.63,9.28,20.13,2.09
2017-09-28,14.7,12.33,11.7,10.9,12.09,27.31,9.29,20.09,2.06
2017-09-29,15.14,12.32,12.09,10.95,12.11,27.6,9.38,20.07,2.07
2017-10-02,15.31,12.51,12.25,11.19,12.24,27.49,9.39,19.75,2.02
2017-10-03,15.6,12.39,12.8,11.22,12.34,27.69,9.6,20.44,2.01
2017-10-04,15.54,12.39,12.63,11.22,12.46,27.49,9.35,20.23,1.98
2017-10-05,15.7,12.4,12.28,11.84,12.57,27.44,9.12,20.25,2.02
2017-10-06,15.37,12.4,12.15,11.75,12.61,27.26,9.09,20.1,2.0
2017-10-09,15.48,12.39,12.49,11.3,12.88,27.5,9.0,20.1,1.97
2017-10-10,15.66,12.4,12.95,11.96,13.36,27.24,9.32,20.57,2.1
2017-10-11,15.24,12.4,13.05,12.07,13.57,27.43,9.2,20.64,2.05
2017-10-13,15.24,12.47,13.08,12.54,13.65,27.6,9.03,21.11,2.07
2017-10-16,15.49,12.45,13.3,12.68,13.5,27.45,8.73,20.91,2.05
2017-10-17,15.45,12.4,13.06,13.0,13.11,27.16,8.59,20.75,2.0
2017-10-18,15.45,12.4,13.27,13.42,13.8,27.16,8.76,20.78,1.99
2017-10-19,15.45,12.4,13.1,13.08,13.91,27.1,9.0,20.83,2.01
2017-10-20,15.49,12.4,13.52,13.38,13.81,27.02,8.99,20.54,2.04
2017-10-23,15.53,12.3,13.3,13.42,13.84,27.2,8.72,20.32,1.98
2017-10-24,15.76,12.27,13.35,13.39,14.24,27.28,8.39,20.34,2.03
2017-10-25,15.71,12.15,13.34,12.94,13.99,27.13,8.41,20.22,
2017-10-26,15.43,12.06,13.02,13.14,13.87,27.16,8.95,20.07,2.02
2017-10-27,15.54,12.07,13.27,13.22,14.02,27.16,9.02,19.95,1.99
2017-10-30,15.43,12.12,12.8,13.39,13.89,27.01,8.43,20.0,1.96
2017-10-31,15.41,12.05,12.7,13.36,13.34,26.95,7.85,19.94,1.96
2017-11-01,15.09,12.03,12.25,13.2,13.62,26.49,7.85,19.79,2.0
2017-11-03,14.51,11.99,12.3,13.0,13.11,26.03,7.67,19.65,1.93
2017-11-06,14.23,11.99,12.31,13.22,13.35,25.86,7.25,19.6,1.99
2017-11-07,14.21,11.84,11.9,12.11,13.11,25.27,6.91,19.27,
2017-11-08,14.21,11.82,12.6,12.76,13.21,25.74,7.3,19.34,1.97
2017-11-09,13.98,11.83,12.21,12.71,12.88,25.33,7.04,19.29,1.95
2017-11-10,13.95,11.74,11.45,12.82,12.63,24.61,6.55,19.28,2.18
2017-11-13,13.95,11.57,12.05,12.37,12.68,24.12,6.77,19.29,2.1
2017-11-14,13.56,11.36,11.75,11.99,12.57,23.61,6.7,19.27,2.15
2017-11-16,13.79,11.36,12.05,11.88,12.88,23.98,6.94,19.48,1.97
2017-11-17,14.08,11.36,12.25,12.38,13.06,24.12,7.2,19.6,2.08
2017-11-21,14.42,11.49,12.98,13.02,13.53,24.49,7.34,19.85,2.08
2017-11-22,14.22,11.49,13.35,13.02,13.49,24.52,7.18,19.87,2.05
2017-11-23,14.34,11.5,13.1,12.45,13.64,25.08,7.03,19.76,2.05
2017-11-24,14.25,11.48,12.89,12.4,13.33,24.62,7.73,19.67,2.06
2017-11-27,14.24,11.36,12.95,12.4,13.18,24.61,7.68,19.79,2.02
2017-11-28,14.16,11.33,13.09,12.36,13.29,24.46,7.62,19.82,2.0
2017-11-29,13.8,11.33,12.8,12.28,13.33,24.12,7.58,19.61,2.03
2017-11-30,13.97,11.41,13.02,,12.87,23.16,7.1,19.61,2.03
2017-12-01,13.65,11.36,12.75,12.32,12.98,23.59,7.0,19.51,2.05
2017-12-04,13.65,11.34,12.8,12.81,12.96,23.99,7.2,19.63,2.05
2017-12-05,13.82,11.27,12.55,12.43,12.85,24.07,7.0,19.61,2.05
2017-12-06,13.84,11.12,12.86,12.43,12.96,24.11,7.35,19.76,2.06
2017-12-07,13.65,11.05,12.49,12.83,12.86,23.54,7.16,19.77,2.06
2017-12-08,13.71,11.12,12.48,12.21,12.87,24.05,7.55,20.05,2.03
2017-12-11,13.61,11.14,12.3,12.32,12.6,24.22,7.6,20.18,1.94
2017-12-12,13.72,11.2,12.06,12.18,12.71,24.12,7.46,20.51,2.0
2017-12-13,13.49,11.22,11.86,12.36,12.86,24.35,7.32,20.08,2.02
2017-12-14,13.07,11.34,11.57,12.44,12.79,24.12,7.4,20.01,1.96
2017-12-15,13.26,11.51,11.33,12.78,12.63,23.78,7.25,19.94,2.0
2017-12-18,13.46,11.51,12.01,12.44,12.95,23.92,7.05,19.95,2.06
2017-12-19,13.45,11.68,12.02,12.56,13.01,23.79,6.97,19.94,2.06
2017-12-20,13.49,11.87,12.24,,12.84,23.82,7.0,20.05,2.03
2017-12-21,13.76,11.79,12.3,12.7,13.15,24.23,7.25,20.31,1.99
2017-12-22,14.04,11.82,12.32,12.7,13.14,24.22,7.21,20.36,2.0
2017-12-26,14.16,11.83,12.35,12.5,13.25,24.46,7.35,20.58,2.0
2017-12-27,14.34,11.81,12.62,13.06,13.38,24.63,7.32,20.72,2.04
2017-12-28,14.75,11.85,12.97,13.25,13.53,24.46,7.25,20.61,2.04
2018-01-02,14.81,11.99,12.99,,13.64,24.16,7.79,21.0,1.99
2018-01-03,14.87,11.99,12.6,13.25,13.31,24.35,8.3,21.05,2.0
2018-01-04,14.83,12.37,12.62,13.29,13.29,24.29,8.2,20.94,2.02
2018-01-05,15.04,12.63,12.6,13.23,13.53,24.32,8.19,21.01,2.0
2018-01-08,15.19,12.69,12.76,13.26,13.26,23.64,8.33,20.98,1.96
2018-01-09,15.22,12.5,12.35,13.45,13.35,23.4,8.14,20.92,1.97
2018-01-10,15.27,12.43,12.32,12.96,12.98,23.11,7.87,20.92,2.0
2018-01-11,15.51,12.62,12.58,13.03,12.97,23.16,8.03,21.16,2.0
2018-01-12,15.41,12.57,12.63,12.83,13.26,23.16,7.82,20.92,2.01
2018-01-15,15.63,12.57,12.71,13.37,13.33,23.05,7.87,21.13,
2018-01-16,15.62,12.63,12.8,13.37,13.36,23.06,7.84,21.21,2.05
2018-01-17,15.62,12.7,12.94,13.27,13.5,22.68,7.88,21.33,2.25
2018-01-18,15.72,12.68,12.89,,13.48,23.11,8.15,21.23,2.1
2018-01-19,15.96,12.63,12.9,12.98,12.97,24.01,8.31,21.3,2.09
2018-01-22,16.01,12.52,12.75,12.44,12.67,23.74,8.2,21.21,2.12
2018-01-23,15.89,12.5,12.4,12.59,12.56,22.87,7.88,21.21,2.1
2018-01-24,16.61,12.59,13.23,12.51,12.47,23.16,8.04,21.2,2.01
2018-01-26,16.56,12.69,13.98,12.79,12.78,23.63,8.1,21.19,2.01
2018-01-29,16.4,12.6,13.7,12.69,12.63,24.22,7.99,21.15,2.0
2018-01-30,16.45,12.58,13.6,12.49,12.52,23.54,7.95,21.18,1.98
2018-01-31,16.94,12.69,14.27,12.67,12.39,23.53,8.0,21.26,1.97
2018-02-01,17.1,12.76,14.15,12.64,12.52,23.64,7.87,21.6,1.98
2018-02-02,16.89,12.77,13.75,12.29,12.25,23.3,7.7,21.38,1.95
2018-02-05,16.9,12.59,13.51,12.3,12.17,22.68,7.57,21.06,1.95
2018-02-06,16.97,12.49,13.68,11.82,12.07,22.68,7.7,21.0,1.95
2018-02-07,17.12,12.78,13.4,11.87,11.98,22.69,7.53,21.0,2.03
2018-02-08,16.76,12.78,13.0,11.97,12.02,22.68,7.37,21.04,1.97
2018-02-09,16.69,12.73,12.86,12.0,12.32,22.94,7.1,20.88,1.98
2018-02-14,16.97,12.77,13.18,12.58,12.39,22.63,7.23,21.61,1.97
2018-02-15,16.97,12.85,13.35,12.33,12.29,22.72,7.33,21.11,2.01
2018-02-16,17.01,12.78,13.33,12.53,12.41,22.68,7.23,21.23,2.02
2018-02-19,17.24,12.83,13.35,12.67,12.39,22.97,7.25,21.15,2.02
2018-02-20,17.5,12.82,13.36,12.81,12.71,22.68,7.19,21.5,1.96
2018-02-21,17.46,12.92,13.85,12.99,12.79,22.58,7.1,21.2,2.0
2018-02-22,17.61,13.06,13.75,13.38,13.16,22.58,7.15,21.22,2.0
2018-02-23,17.63,13.01,14.26,13.48,13.28,22.68,7.0,20.8,1.95
2018-02-26,17.6,12.97,14.36,13.27,13.12,22.58,7.18,20.97,1.95
2018-02-27,17.15,12.88,14.04,13.54,13.49,22.69,7.16,21.03,1.94
2018-02-28,16.83,12.97,14.24,13.53,13.46,22.58,7.09,20.83,1.98
2018-03-01,16.78,12.96,13.7,13.22,13.44,22.58,7.05,21.15,
2018-03-02,16.85,12.78,13.8,13.15,13.44,22.66,6.95,21.37,1.9
2018-03-05,16.9,12.88,13.6,13.6,13.58,22.58,7.3,21.32,1.89
2018-03-06,16.71,12.87,13.25,13.6,13.6,23.08,7.1,21.55,1.9
2018-03-07,16.63,12.78,13.5,13.24,13.37,22.68,6.95,21.84,1.9
2018-03-08,16.75,12.69,13.33,13.56,13.56,22.44,7.11,22.06,2.0
2018-03-09,17.13,12.72,13.4,13.59,13.45,22.8,7.39,22.19,1.98
2018-03-12,17.24,12.72,13.56,14.29,14.0,22.68,7.6,22.7,1.94
2018-03-13,16.55,12.59,13.45,13.9,14.04,23.06,7.55,22.68,1.92
2018-03-14,16.16,12.58,13.58,13.92,14.1,23.22,7.37,22.97,1.97
2018-03-15,16.61,12.5,13.35,13.84,13.81,23.06,7.18,22.61,
2018-03-16,16.44,12.45,13.42,14.08,13.8,23.16,7.05,22.35,1.91
2018-03-19,16.24,12.38,13.07,14.08,13.82,23.06,7.04,22.52,1.9
2018-03-20,16.35,12.31,13.09,13.81,13.58,23.06,6.89,22.43,1.89
2018-03-21,16.02,12.29,13.12,13.32,13.58,22.97,6.65,22.61,1.86
2018-03-22,16.08,12.31,13.06,13.88,13.1,23.17,6.74,22.73,1.89
2018-03-23,15.9,12.27,13.06,13.4,13.27,23.16,6.67,22.64,1.9
2018-03-26,16.17,12.21,13.23,13.4,13.18,23.47,6.69,22.72,1.83
2018-03-27,15.86,12.21,13.06,13.07,12.79,23.26,6.61,22.57,1.74
2018-03-28,15.86,12.22,12.73,12.89,13.03,23.06,6.57,22.55,1.8
2018-03-29,16.21,12.31,13.15,13.36,13.66,23.27,6.6,22.78,1.77
2018-04-02,16.21,12.26,12.8,13.84,13.39,23.16,6.57,22.58,1.71
2018-04-03,16.3,12.3,12.83,13.21,13.09,22.97,6.51,22.91,1.7
2018-04-04,16.17,12.39,12.44,13.28,13.04,22.99,6.45,22.9,1.7
2018-04-05,16.39,12.4,13.09,13.72,13.04,23.09,6.69,22.75,1.73
2018-04-06,16.17,12.38,13.6,13.44,12.75,23.04,6.7,22.01,1.89
2018-04-09,15.99,12.3,13.54,,12.7,22.97,6.65,22.05,1.8
2018-04-10,15.77,12.3,13.75,,12.64,22.58,6.51,22.53,1.88
2018-04-11,16.08,12.35,14.05,,12.75,22.29,6.33,22.58,1.81
2018-04-12,16.39,12.31,14.09,13.36,12.79,22.79,6.46,22.05,
2018-04-13,16.12,12.31,13.97,12.87,12.67,22.78,6.36,22.02,1.88
2018-04-16,15.88,12.07,13.85,12.89,12.17,22.77,6.28,21.75,1.87
2018-04-17,16.03,12.26,13.94,12.35,11.96,22.85,6.21,21.88,1.78
2018-04-18,16.4,12.34,14.15,12.73,12.12,22.68,6.2,22.1,1.8
2018-04-19,16.37,12.4,14.05,12.75,12.29,22.58,6.05,22.25,1.85
2018-04-20,16.29,12.39,14.29,,12.63,22.53,6.06,22.18,1.88
2018-04-23,16.19,12.54,14.36,,12.41,22.34,5.98,22.2,1.8
2018-04-24,15.8,12.4,14.18,13.92,12.44,22.1,6.05,22.07,1.84
2018-04-25,16.21,12.5,13.76,13.44,12.5,22.1,6.04,21.93,1.79
2018-04-26,16.45,12.48,14.12,,12.41,22.43,5.99,22.07,1.82
2018-04-27,16.49,12.56,14.36,,12.37,22.4,5.95,21.94,1.84
2018-04-30,16.76,12.61,14.85,,12.33,22.05,5.89,22.08,1.82
2018-05-02,16.53,12.37,14.79,12.45,12.28,21.86,5.76,21.46,1.86
2018-05-03,15.68,12.35,14.71,12.26,11.85,21.95,5.45,21.39,1.8
2018-05-04,15.0,12.4,14.39,12.4,11.77,22.05,5.5,21.3,1.85
2018-05-07,15.41,12.5,14.62,,11.61,22.0,5.82,21.15,1.81
2018-05-08,15.54,12.93,14.7,11.88,11.71,22.0,5.93,21.24,1.82
2018-05-09,15.49,12.8,14.7,11.61,11.77,22.05,5.75,20.74,1.81
2018-05-10,15.54,12.78,14.59,11.66,11.27,22.25,5.85,20.64,1.9
2018-05-11,15.54,12.77,14.54,11.72,11.68,22.27,5.52,20.68,1.99
2018-05-14,15.19,12.63,14.28,11.72,11.4,21.9,5.49,20.55,1.93
2018-05-15,15.05,12.59,14.06,11.77,10.94,21.46,5.31,20.31,1.9
2018-05-16,15.19,12.86,14.22,11.47,11.17,21.76,5.31,20.36,1.87
2018-05-17,14.88,12.69,13.97,11.47,10.89,21.76,4.96,19.96,
2018-05-18,14.87,12.64,13.66,10.64,10.75,21.86,4.71,19.53,1.9
2018-05-21,14.83,12.57,13.92,10.34,10.95,21.97,4.71,19.22,1.87
2018-05-22,14.97,12.94,14.9,10.76,11.11,21.66,4.87,19.07,1.86
2018-05-23,14.97,12.94,14.32,10.76,10.4,21.45,4.82,18.98,1.84
2018-05-24,15.04,12.78,14.45,10.34,10.56,21.51,4.89,19.24,1.72
2018-05-25,15.02,12.73,14.22,10.4,10.62,21.66,4.77,19.08,1.84
2018-05-28,14.47,12.48,13.52,10.24,10.33,20.9,4.39,18.71,1.71
2018-05-29,14.35,12.5,13.74,10.38,10.6,20.65,4.66,18.54,1.88
2018-05-30,14.65,12.76,13.81,,10.47,20.74,4.72,18.64,1.77
2018-06-01,14.52,12.78,13.94,10.38,10.45,20.77,4.84,18.88,1.7
2018-06-04,15.07,12.66,14.49,10.26,10.72,21.12,5.1,18.97,1.79
2018-06-05,14.52,12.69,13.86,9.66,10.49,20.37,4.86,18.71,
2018-06-06,14.07,12.6,13.43,9.38,10.32,20.09,4.56,18.49,1.7
2018-06-07,13.6,12.42,12.8,8.75,9.64,19.07,4.3,18.06,1.6
2018-06-08,13.71,12.28,13.64,8.75,9.95,19.13,4.18,17.95,1.7
2018-06-11,13.41,12.31,13.32,8.74,9.65,19.49,4.16,17.98,1.55
2018-06-12,13.6,12.71,13.2,8.67,9.71,19.69,4.27,17.87,1.51
2018-06-13,13.78,12.7,13.35,8.75,9.73,19.37,4.09,17.71,1.46
2018-06-14,13.4,12.71,13.21,,9.63,19.44,4.03,17.92,1.52
2018-06-15,13.67,12.69,13.03,8.61,9.6,18.75,4.01,17.72,1.4
2018-06-18,13.26,12.64,12.56,8.71,9.41,18.41,3.92,17.7,1.4
2018-06-19,13.52,12.78,13.5,8.74,9.77,18.72,4.12,17.95,1.53
2018-06-20,13.58,12.87,13.21,8.75,9.78,18.55,4.06,17.7,1.7
2018-06-21,13.45,12.84,13.0,8.75,9.21,18.6,3.86,17.31,1.68
2018-06-22,13.51,12.7,13.08,,9.53,18.31,3.95,17.34,1.7
2018-06-25,13.63,12.7,13.47,,9.33,18.36,3.83,17.4,1.63
2018-06-26,13.67,12.88,13.73,,9.46,18.59,3.8,17.27,1.62
2018-06-27,13.4,13.53,13.16,,9.21,18.6,3.75,17.14,1.6
2018-06-28,13.46,12.79,13.55,,9.68,18.21,3.85,17.2,1.6
2018-06-29,13.46,12.83,14.1,9.13,9.61,18.21,3.84,17.17,1.6
2018-07-02,13.89,12.79,13.86,9.14,9.62,18.32,3.78,17.32,1.61
2018-07-03,14.09,12.77,13.69,9.13,9.6,18.31,3.8,17.27,1.61
2018-07-04,14.28,12.74,13.7,9.13,9.73,19.54,3.85,17.28,1.6
2018-07-05,14.09,12.77,13.58,9.54,9.83,21.06,3.95,17.57,1.62
2018-07-06,14.16,12.75,13.69,9.54,9.91,20.49,3.94,17.27,1.6
2018-07-10,14.27,12.84,14.0,9.93,9.93,20.28,3.99,17.37,1.51
2018-07-11,14.26,12.92,14.06,9.94,9.95,19.9,3.83,17.1,1.6
2018-07-12,14.28,13.39,14.68,9.94,10.01,20.31,3.92,17.42,1.6
2018-07-13,14.39,13.23,14.69,10.21,9.85,20.48,4.29,17.61,1.61
2018-07-16,14.55,13.18,15.0,10.68,10.02,20.38,4.46,18.09,1.6
2018-07-17,14.69,13.22,14.91,10.12,10.02,20.28,4.76,18.3,1.64
2018-07-18,14.01,13.08,14.72,10.72,10.15,20.47,4.5,17.91,1.65
2018-07-19,13.86,13.11,15.04,10.71,10.02,20.27,4.71,18.03,1.68
2018-07-20,14.23,13.16,15.27,10.71,10.22,20.77,4.8,17.94,1.8
2018-07-23,14.24,13.16,15.13,10.22,10.13,20.67,4.78,17.81,1.92
2018-07-24,14.2,13.39,15.18,10.26,10.3,20.87,4.64,18.11,2.04
2018-07-25,14.21,13.25,15.04,,10.44,20.22,4.55,18.05,1.99
2018-07-26,14.14,13.21,14.58,10.26,10.45,19.92,4.35,18.99,2.02
2018-07-27,14.08,13.29,14.4,10.41,10.3,20.35,4.18,18.91,1.96
2018-07-30,14.08,13.21,14.67,10.8,10.33,20.38,4.1,18.81,1.96
2018-07-31,13.94,13.27,14.85,,10.13,20.28,4.43,18.53,1.8
2018-08-01,13.79,13.21,14.8,,10.29,20.57,4.35,18.57,1.8
2018-08-02,14.09,13.21,14.85,10.34,10.21,20.67,4.26,18.42,1.85
2018-08-03,14.19,13.21,15.27,10.35,10.29,21.11,4.3,18.43,1.77
2018-08-06,14.2,13.24,15.32,10.35,10.37,21.33,5.01,18.43,
2018-08-07,14.03,13.16,15.2,,10.33,21.33,4.76,18.3,1.8
2018-08-08,13.65,13.11,14.55,10.03,10.27,21.33,4.7,18.29,1.72
2018-08-09,13.6,13.07,14.89,10.38,9.89,21.95,4.91,18.4,1.71
2018-08-10,13.2,13.04,14.23,10.04,9.64,21.52,4.56,18.05,1.75
2018-08-13,13.53,13.06,14.4,,9.67,21.53,4.51,18.27,1.67
2018-08-14,13.61,13.07,14.15,10.04,10.09,21.53,4.6,18.53,1.68
2018-08-15,13.51,13.2,13.92,,9.84,21.53,4.6,18.54,1.8
2018-08-16,13.51,13.08,13.85,,9.82,21.56,4.53,18.15,1.81
2018-08-17,13.49,12.97,13.58,9.94,9.57,21.51,4.56,18.31,1.71
2018-08-20,13.43,13.07,13.79,,9.83,21.48,4.51,18.28,1.8
2018-08-21,13.24,13.13,13.6,,9.57,21.37,4.53,18.12,
2018-08-22,13.36,13.28,13.84,9.61,9.82,21.38,4.56,18.05,
2018-08-23,13.05,13.14,13.65,9.88,9.84,21.26,4.45,18.08,
2018-08-24,12.97,13.4,13.35,9.92,9.78,21.12,4.42,18.21,
2018-08-27,13.35,13.59,13.77,9.82,10.04,21.17,4.53,18.26,1.79
2018-08-28,13.31,13.77,13.52,9.82,10.15,20.96,4.48,18.24,1.66
2018-08-29,13.2,13.86,13.73,9.8,10.01,20.87,4.41,18.38,1.69
2018-08-30,13.02,13.82,13.36,9.51,9.6,20.88,4.12,18.14,1.6
2018-08-31,13.25,13.68,14.23,9.36,9.68,20.86,4.08,18.0,1.67
2018-09-03,13.29,13.9,13.86,,9.84,20.85,3.97,17.79,1.62
2018-09-04,12.96,13.77,13.58,9.62,9.33,20.8,4.0,17.2,1.55
2018-09-05,12.98,13.61,13.7,9.22,9.33,20.81,3.93,17.32,1.71
2018-09-06,13.26,13.6,13.99,9.16,9.53,20.82,3.99,17.49,1.8
2018-09-10,13.31,13.48,13.89,,9.54,20.82,3.93,17.46,1.88
2018-09-11,12.98,13.21,13.65,9.35,9.25,20.78,3.78,17.37,1.95
2018-09-12,12.89,12.79,13.61,9.41,9.13,20.7,3.99,17.62,1.99
2018-09-13,12.81,12.96,13.84,9.19,8.74,20.38,3.8,17.5,1.99
2018-09-14,12.86,13.24,13.85,9.12,9.05,20.18,3.82,17.41,1.99
2018-09-17,12.9,13.21,14.2,9.35,8.97,20.36,3.86,17.53,1.8
2018-09-18,12.86,13.24,14.55,9.35,9.2,20.42,3.93,17.94,1.85
2018-09-19,12.68,13.19,14.45,9.35,9.5,20.49,3.89,17.94,1.82
2018-09-20,12.75,13.06,14.6,9.59,9.21,20.47,3.87,17.9,1.71
2018-09-21,12.75,12.97,14.92,9.17,9.76,20.35,3.83,18.0,1.72
2018-09-24,12.75,12.92,14.6,9.62,9.68,20.43,3.82,17.56,1.65
2018-09-25,12.52,12.97,14.93,9.62,9.68,19.99,3.87,17.57,1.61
2018-09-26,12.44,12.93,14.74,9.67,9.58,19.62,3.85,17.85,1.7
2018-09-27,12.53,12.97,14.97,9.91,9.98,19.65,3.9,17.64,1.72
2018-09-28,12.54,12.96,14.98,9.92,9.8,19.33,4.0,17.51,1.7
2018-10-01,12.2,12.85,14.85,,9.63,19.0,3.88,17.6,1.7
2018-10-02,12.98,13.05,14.85,9.98,10.0,19.67,3.95,17.42,1.7
2018-10-03,13.29,12.97,15.2,11.26,10.57,19.8,4.0,17.31,1.7
2018-10-04,13.74,13.1,14.97,11.22,10.12,20.08,4.0,17.06,1.7
2018-10-05,13.67,13.36,14.9,,10.4,20.22,4.07,16.85,1.75
2018-10-08,14.3,13.35,15.07,11.08,10.8,20.67,4.17,17.19,1.65
2018-10-09,14.46,13.41,15.61,10.8,10.96,20.97,4.29,16.69,1.66
2018-10-10,14.04,13.25,15.3,10.48,10.88,20.97,4.3,16.42,1.72
2018-10-11,13.93,13.16,15.36,11.12,10.94,20.9,4.58,16.22,
2018-10-15,13.8,13.16,15.2,10.64,10.62,21.5,4.37,16.16,1.62
2018-10-16,13.79,13.54,15.7,,10.75,21.95,4.48,16.62,1.7
2018-10-17,13.92,13.49,15.65,10.99,10.74,22.64,4.7,16.28,1.78
2018-10-18,13.66,13.45,15.62,,10.8,22.64,4.7,15.9,1.79
2018-10-19,13.63,13.42,15.55,11.88,12.4,22.39,4.8,16.1,1.68
2018-10-22,13.96,13.9,15.89,11.84,11.61,23.0,4.78,16.06,1.74
2018-10-23,14.07,14.06,15.85,11.88,11.63,22.54,4.89,15.88,1.65
2018-10-24,13.92,13.82,14.99,12.19,12.0,22.44,5.0,15.17,1.72
2018-10-25,14.19,13.9,15.26,,12.0,22.46,5.22,14.32,1.68
2018-10-26,14.1,13.85,15.74,12.12,12.32,22.15,5.2,14.5,1.75
2018-10-29,14.3,14.05,15.63,12.12,11.6,22.12,4.87,14.73,1.74
2018-10-30,14.49,14.01,16.15,,12.15,22.61,5.1,15.32,1.64
2018-10-31,14.52,14.2,16.65,11.79,12.15,22.59,5.2,15.6,1.66
2018-11-01,14.57,15.01,16.69,12.79,12.52,23.14,5.37,15.63,1.66
2018-11-05,14.71,15.18,16.8,12.28,12.33,22.66,5.42,15.72,1.73
2018-11-06,15.27,15.17,16.44,12.18,12.54,23.27,5.44,15.89,1.69
2018-11-07,14.87,15.0,16.67,12.29,12.62,22.63,5.47,15.61,1.66
2018-11-08,14.71,14.82,16.28,12.34,12.4,22.34,6.45,15.0,1.7
2018-11-09,14.83,14.9,16.48,12.48,12.38,22.53,6.0,15.35,1.66
2018-11-12,15.09,15.19,16.35,12.64,12.07,22.22,6.04,15.23,
2018-11-13,14.85,15.05,16.51,,12.19,22.25,5.91,15.05,1.61
2018-11-14,14.82,15.26,16.9,12.4,12.17,22.34,5.85,15.31,1.63
2018-11-16,14.91,15.0,17.56,12.53,12.57,23.23,5.95,15.75,1.63
2018-11-19,14.64,15.14,17.39,12.55,12.39,22.84,5.98,15.72,1.57
2018-11-21,14.21,15.14,17.77,12.79,12.27,23.11,5.98,15.64,1.61
2018-11-22,14.37,15.3,17.74,12.42,12.29,22.94,5.89,15.75,1.6
2018-11-23,14.29,15.17,17.3,12.4,12.05,23.33,5.8,15.47,1.5
2018-11-26,14.17,15.3,16.94,12.78,11.91,23.04,5.74,15.42,1.5
2018-11-27,14.41,15.65,17.52,12.68,12.22,23.18,5.75,15.79,1.56
2018-11-28,14.63,15.86,17.48,12.96,12.88,24.12,5.7,15.94,1.5
2018-11-29,14.77,15.94,17.6,12.72,12.66,24.02,5.58,15.89,1.5
2018-11-30,14.79,15.83,17.44,13.12,13.04,24.12,5.65,16.15,1.59
2018-12-03,15.25,15.7,16.78,13.15,12.95,24.61,5.68,15.98,1.52
2018-12-04,15.02,15.68,16.35,12.72,12.72,24.32,5.69,15.9,1.64
2018-12-05,14.93,15.62,16.6,12.72,12.78,24.91,5.78,15.79,1.65
2018-12-06,14.72,15.55,16.25,12.53,12.92,24.61,5.75,15.65,1.56
2018-12-07,14.96,15.63,16.21,12.64,12.41,25.01,5.55,15.38,1.55
2018-12-10,14.73,15.54,15.8,12.79,12.35,24.79,5.48,15.17,1.55
2018-12-11,14.93,15.54,16.3,12.82,12.52,25.1,5.28,15.23,1.51
2018-12-12,14.94,15.65,16.38,13.2,12.76,24.91,5.37,15.23,1.51
2018-12-13,14.94,15.51,16.4,12.76,12.76,25.1,5.43,15.58,1.51
2018-12-14,14.87,15.36,16.25,12.66,12.81,25.15,5.3,15.33,1.46
2018-12-17,14.63,15.28,15.99,12.65,12.68,25.3,5.06,15.37,1.45
2018-12-18,14.95,15.35,16.25,12.76,12.78,25.4,5.08,15.16,1.45
2018-12-19,14.8,16.0,16.6,13.0,12.9,25.1,5.01,15.01,1.4
2018-12-20,14.79,15.9,16.63,13.0,13.2,24.91,5.28,14.82,1.41
2018-12-21,14.68,15.85,16.41,13.42,13.36,25.1,5.27,14.78,1.4
2018-12-26,14.8,15.8,16.21,,13.06,25.01,5.12,14.75,
2018-12-27,15.05,15.72,16.26,12.76,13.5,25.01,4.96,14.71,1.49
2018-12-28,15.16,15.61,17.0,13.09,13.62,25.37,5.19,14.99,1.5
2019-01-02,16.0,15.95,16.95,13.44,14.0,25.79,5.54,15.74,1.5
2019-01-03,15.98,16.25,17.44,13.59,14.02,26.31,5.61,15.91,1.42
2019-01-04,15.84,16.3,17.2,13.84,13.92,25.74,5.67,16.13,1.42
2019-01-07,15.89,16.3,16.9,12.82,13.89,26.22,5.7,16.06,1.4
2019-01-08,16.19,16.26,17.12,12.9,14.16,26.04,5.54,15.74,1.39
2019-01-09,16.44,16.2,17.2,13.6,15.15,26.72,5.64,15.96,1.39
2019-01-10,16.56,16.15,17.47,13.96,15.2,26.78,5.87,16.42,
2019-01-11,16.9,16.01,17.42,13.84,15.19,28.42,5.85,16.85,1.45
2019-01-14,16.96,16.09,18.0,14.09,15.2,28.16,5.7,17.09,1.4
2019-01-15,16.89,16.23,17.85,14.13,15.16,27.57,5.5,17.25,1.4
2019-01-16,16.81,16.3,18.22,14.08,15.12,27.57,5.46,17.34,1.39
2019-01-17,16.92,16.03,18.81,14.23,15.08,27.92,5.48,17.39,1.37
2019-01-18,17.15,16.02,18.57,14.0,15.04,28.02,5.47,17.54,1.42
2019-01-21,17.5,15.9,18.6,14.0,15.12,27.64,5.4,17.54,1.4
2019-01-22,17.45,15.7,18.6,14.32,15.67,28.56,5.43,17.09,1.41
2019-01-23,17.81,16.05,18.66,14.56,15.92,28.55,5.62,16.74,1.39
2019-01-24,18.08,16.05,19.31,15.04,16.16,28.45,5.85,16.72,1.46
2019-01-28,18.06,16.05,19.75,15.01,16.06,29.04,5.88,17.49,
2019-01-29,18.42,16.05,19.55,15.19,15.99,29.04,5.83,17.41,1.46
2019-01-30,18.29,15.93,19.78,15.53,16.12,29.24,6.23,17.51,1.45
2019-01-31,18.65,16.08,19.65,15.54,16.05,29.29,6.25,17.06,1.41
2019-02-01,18.42,16.2,19.34,15.52,16.11,29.53,6.37,17.65,1.5
2019-02-04,18.6,16.28,19.34,15.32,16.27,29.53,6.5,17.98,1.85
2019-02-05,18.77,16.27,19.51,15.95,16.46,29.25,6.39,18.16,1.66
2019-02-06,18.25,15.9,18.96,15.75,15.96,29.11,6.1,17.63,1.63
2019-02-07,17.67,15.65,18.82,15.75,15.8,28.55,6.13,18.27,1.61
2019-02-08,17.87,15.7,19.44,15.6,15.86,28.24,6.34,17.75,1.63
2019-02-11,17.56,15.0,19.3,15.52,15.65,28.53,6.23,18.23,1.56
2019-02-12,17.62,15.5,19.6,15.74,15.89,29.43,6.5,18.19,1.6
2019-02-13,17.74,15.79,19.06,16.65,15.82,29.43,6.43,17.92,1.65
2019-02-14,17.97,16.09,19.64,17.26,15.8,29.53,6.49,18.11,1.56
2019-02-15,17.64,15.79,19.77,16.82,15.44,29.56,6.35,18.02,1.49
2019-02-18,17.67,16.2,19.87,16.86,15.69,29.98,6.32,17.72,1.54
2019-02-19,17.62,15.94,19.63,17.18,16.0,29.83,6.46,17.85,1.56
2019-02-20,17.1,15.99,19.41,17.57,15.6,30.3,6.26,17.69,1.56
2019-02-21,17.29,16.08,19.44,17.09,15.7,30.16,6.07,17.85,1.47
2019-02-22,17.31,16.05,19.7,17.13,15.26,30.03,6.5,17.85,1.52
2019-02-25,17.19,16.0,19.33,16.96,15.46,30.05,6.24,17.92,1.54
2019-02-26,17.24,15.96,19.31,16.4,15.32,30.16,6.15,18.02,1.55
2019-02-27,17.12,16.08,19.2,16.04,15.42,30.52,6.38,17.89,1.55
2019-02-28,17.09,15.85,19.46,15.64,15.34,30.41,6.16,16.79,1.67
2019-03-01,17.08,15.99,19.1,15.72,15.95,30.32,6.4,16.4,1.68
2019-03-06,17.13,16.1,19.27,15.74,15.64,28.99,6.1,15.95,1.8
2019-03-07,16.8,16.02,19.43,15.68,15.54,28.65,6.57,16.26,1.75
2019-03-08,17.67,15.79,19.72,15.22,16.3,29.01,6.5,16.17,1.67
2019-03-11,18.01,15.95,19.78,16.0,16.46,29.04,6.38,16.67,1.72
2019-03-12,17.85,16.0,19.78,16.13,16.26,29.02,6.32,16.56,1.64
2019-03-13,17.99,15.95,20.16,16.31,16.0,28.8,6.28,16.47,1.65
2019-03-14,17.82,15.87,20.3,,15.92,29.03,6.24,16.23,1.69
2019-03-15,17.86,15.99,20.54,16.0,16.18,28.55,6.03,16.33,1.63
2019-03-18,17.57,16.08,20.46,16.0,15.84,28.85,6.24,16.87,1.61
2019-03-19,17.82,15.95,19.46,15.46,15.68,28.7,6.19,16.75,1.61
2019-03-20,17.76,15.57,19.35,15.78,15.44,28.55,6.19,16.56,1.58
2019-03-21,17.23,15.71,19.3,16.55,15.42,29.04,6.18,16.55,1.56
2019-03-22,16.96,15.5,18.52,16.06,15.17,28.7,6.03,16.29,1.58
2019-03-25,17.38,15.35,18.55,16.8,15.0,28.55,6.15,16.1,1.51
2019-03-26,17.45,15.41,18.43,16.56,15.35,28.55,6.22,16.56,1.51
2019-03-27,17.3,15.01,17.95,16.7,14.96,27.94,6.22,16.12,1.46
2019-03-28,17.57,15.21,18.64,16.63,15.06,27.27,6.16,16.32,1.5
2019-03-29,17.81,15.55,19.15,15.58,15.38,28.25,6.43,16.4,1.6
2019-04-01,18.22,15.85,18.73,15.75,15.39,28.97,7.06,16.39,1.64
2019-04-02,17.95,15.74,19.16,16.29,15.24,28.85,7.22,16.34,1.6
2019-04-03,17.77,15.47,18.84,16.52,15.07,29.02,7.58,16.41,1.57
2019-04-04,18.09,15.51,18.89,16.52,15.29,29.02,7.39,16.88,1.6
2019-04-05,18.09,15.56,18.5,16.52,15.98,29.04,7.57,16.99,1.58
2019-04-08,18.07,15.5,18.17,16.7,15.36,29.04,7.23,16.91,1.59
2019-04-09,17.95,15.55,18.03,15.21,15.03,29.03,7.09,17.24,1.58
2019-04-10,17.99,15.65,18.16,14.7,15.11,29.04,7.65,17.1,1.57
2019-04-11,17.66,15.54,18.05,14.85,15.25,28.65,7.8,16.81,1.57
2019-04-12,17.31,15.58,18.19,14.51,15.2,28.94,7.77,16.62,1.55
2019-04-15,17.81,15.43,18.21,14.6,15.35,28.92,7.61,16.97,1.49
2019-04-16,17.81,15.36,18.15,14.69,15.25,28.98,7.66,17.08,1.49
2019-04-17,17.57,15.6,17.61,14.95,15.15,28.74,7.65,16.61,1.5
2019-04-18,17.48,15.56,17.86,15.2,15.35,28.59,7.8,16.64,1.5
2019-04-22,17.62,15.56,17.35,15.19,15.2,28.49,7.75,17.05,1.52
2019-04-23,17.93,15.56,17.13,,15.2,28.8,7.9,17.22,1.47
2019-04-24,17.67,15.58,17.22,15.18,15.24,28.55,7.82,17.27,1.54
2019-04-25,17.84,15.35,17.22,15.36,15.85,28.55,7.98,17.84,1.46
2019-04-26,18.04,15.45,17.65,15.38,15.63,28.65,8.3,17.82,1.5
2019-04-29,17.92,15.4,17.56,15.21,15.5,28.88,8.05,17.88,1.44
2019-04-30,18.18,15.5,18.1,15.0,15.65,29.3,8.05,18.0,1.52
2019-05-02,18.03,15.65,17.54,15.25,15.65,29.0,7.94,17.49,1.47
2019-05-03,18.0,15.7,17.65,15.3,15.75,29.4,7.92,17.46,1.41
2019-05-06,17.63,15.65,17.61,15.2,15.67,29.1,7.83,17.6,1.4
2019-05-07,17.41,15.6,17.6,15.55,15.8,29.1,7.66,17.2,1.4
2019-05-08,17.29,15.65,17.63,15.7,16.12,29.1,7.49,17.46,1.45
2019-05-09,17.19,15.65,17.35,15.52,16.1,29.1,7.28,17.04,1.45
2019-05-10,17.27,15.65,17.28,15.79,16.58,29.21,7.13,16.86,1.43
2019-05-13,17.01,15.52,17.11,15.79,16.48,28.84,7.04,16.57,1.39
2019-05-14,16.99,15.9,17.15,15.83,16.85,29.5,6.89,16.51,1.32
2019-05-15,16.51,15.7,16.94,15.83,17.0,28.55,6.38,16.18,1.39
2019-05-16,16.4,15.61,16.72,15.78,17.26,28.0,5.88,16.21,1.33
2019-05-17,16.24,15.71,16.9,15.91,17.3,28.0,5.65,16.07,1.38
2019-05-20,16.67,15.7,17.1,15.9,17.61,28.4,5.96,16.07,1.37
2019-05-21,17.01,15.78,17.49,16.5,18.0,28.9,6.05,16.65,1.31
2019-05-22,17.12,15.83,17.59,16.2,17.75,29.19,5.82,16.77,1.35
2019-05-23,17.11,15.75,17.81,16.35,18.12,29.25,5.87,16.77,1.34
2019-05-24,16.82,15.58,18.1,16.3,17.86,29.1,5.86,16.62,1.31
2019-05-27,17.05,15.6,18.3,16.3,17.96,29.1,5.97,16.78,1.35
2019-05-28,17.17,15.75,18.51,16.3,18.17,29.48,6.04,16.87,1.28
2019-05-29,17.31,15.85,19.17,16.5,18.25,29.45,5.96,16.82,1.28
2019-05-30,17.23,15.9,19.36,16.5,18.48,29.45,6.04,16.98,1.3
2019-05-31,16.9,15.72,19.36,16.51,18.36,29.49,6.01,17.1,1.3
2019-06-03,16.94,15.9,19.52,16.5,17.95,29.4,5.95,16.97,
2019-06-04,17.29,15.99,19.3,16.2,17.65,30.13,5.8,16.91,1.34
2019-06-05,17.15,15.99,18.94,16.45,17.3,30.0,5.72,16.96,1.35
2019-06-06,17.2,15.91,19.04,16.46,17.73,29.9,5.78,17.19,
2019-06-07,17.56,16.37,19.1,16.51,18.15,28.85,6.02,17.16,1.35
2019-06-10,17.23,16.3,19.13,15.7,18.3,28.49,5.96,17.2,1.35
2019-06-11,17.34,16.07,19.28,16.4,18.43,28.65,5.96,17.27,1.32
2019-06-12,17.27,16.21,19.3,16.3,18.4,28.0,5.9,17.23,1.34
2019-06-13,17.39,16.03,19.84,16.16,18.48,28.9,6.43,17.39,1.31
2019-06-14,17.39,16.1,19.77,,18.87,28.94,6.56,17.19,1.33
2019-06-17,17.22,16.5,19.31,17.2,19.7,28.8,6.74,17.34,1.46
2019-06-18,17.2,16.6,19.75,18.5,20.35,29.14,6.44,17.59,1.4
2019-06-19,17.43,16.55,20.48,18.5,20.32,29.0,6.52,17.73,1.35
2019-06-21,18.14,16.5,20.88,18.6,20.78,29.5,6.98,17.98,1.39
2019-06-24,18.16,16.58,20.75,18.6,20.37,29.77,7.23,17.83,1.36
2019-06-25,17.76,16.56,20.29,18.9,20.29,29.7,7.0,17.7,1.38
2019-06-26,17.53,16.65,20.0,18.85,20.29,29.79,7.4,17.64,1.38
2019-06-27,17.76,16.51,20.4,18.82,20.54,29.9,7.42,17.59,1.36
2019-06-28,17.96,16.6,20.73,18.7,20.41,29.8,7.85,17.43,1.33
2019-07-01,17.76,16.7,20.65,19.0,20.62,30.99,7.68,17.35,1.38
2019-07-02,17.59,16.7,20.65,18.75,21.1,30.7,7.59,17.67,1.34
2019-07-03,17.55,16.79,21.19,19.0,21.1,31.7,7.72,18.39,1.34
2019-07-04,18.09,16.8,21.42,19.0,21.29,32.2,7.95,18.51,1.38
2019-07-05,18.14,16.9,21.59,19.33,21.45,33.2,7.78,18.51,1.65
2019-07-08,18.14,16.9,21.7,19.67,21.0,34.45,7.93,18.46,1.62
2019-07-10,18.48,16.88,21.97,20.29,22.2,34.75,8.06,18.53,1.54
2019-07-11,17.97,16.75,21.7,20.0,21.9,34.83,7.94,18.21,1.55
2019-07-12,17.91,16.56,21.49,20.12,21.72,34.39,7.87,17.73,1.54
2019-07-15,17.46,16.05,21.66,20.36,21.33,34.66,7.88,17.78,1.54
2019-07-16,17.5,16.24,21.76,20.5,21.3,34.4,7.87,17.64,1.52
2019-07-17,17.48,16.32,22.01,20.3,21.82,35.0,8.19,17.53,1.54
2019-07-18,17.71,16.29,22.46,20.21,21.85,35.49,8.34,17.78,1.58
2019-07-19,17.6,16.41,22.38,20.31,21.69,35.18,8.23,17.63,1.52
2019-07-22,17.75,16.48,22.27,20.32,21.12,35.19,8.06,17.53,1.49
2019-07-23,17.82,16.44,22.16,19.9,21.22,35.0,7.98,17.57,1.55
2019-07-24,17.97,16.3,22.21,19.77,21.0,35.0,7.79,17.5,1.55
2019-07-25,17.48,16.59,21.91,20.0,20.62,34.45,8.0,18.99,1.5
2019-07-26,17.61,16.45,22.12,20.21,20.67,34.89,7.99,19.29,1.47
2019-07-29,17.61,16.58,22.16,19.71,20.6,35.0,8.21,19.98,1.52
2019-07-30,17.58,16.78,22.1,19.99,21.05,35.45,8.64,19.82,1.56
2019-07-31,17.26,16.69,21.92,19.71,20.75,35.49,8.46,19.61,1.6
2019-08-01,17.04,16.79,21.65,19.66,21.1,35.82,8.53,19.9,1.64
2019-08-02,17.19,16.76,21.95,19.38,21.05,35.9,8.58,19.97,1.65
2019-08-05,17.57,16.62,21.67,19.4,20.8,34.63,8.55,19.64,1.63
2019-08-06,18.4,16.66,22.03,19.45,21.18,35.0,8.53,19.96,1.58
2019-08-07,18.34,16.72,22.0,19.7,21.4,36.82,8.9,20.1,1.6
2019-08-08,18.26,16.93,22.78,20.0,22.17,36.85,9.15,19.65,1.59
2019-08-09,18.59,16.99,22.9,21.2,23.2,37.09,9.31,19.56,
2019-08-12,18.91,17.1,22.47,21.97,23.8,36.5,9.46,18.98,1.54
2019-08-13,19.07,16.73,22.95,22.0,24.19,36.9,9.38,18.88,1.55
2019-08-14,19.16,16.53,21.97,22.0,23.99,36.5,9.15,18.52,1.6
2019-08-15,18.36,17.0,22.17,21.75,23.8,35.99,8.65,18.3,1.64
2019-08-16,18.26,16.6,23.2,21.72,24.02,36.5,8.82,18.42,1.63
2019-08-19,18.07,16.35,23.04,21.95,23.95,36.39,8.61,18.62,1.57
2019-08-20,18.05,16.95,23.18,21.69,23.5,36.89,8.59,18.46,1.54
2019-08-21,18.19,16.8,23.57,21.51,24.17,36.95,8.6,18.32,1.5
2019-08-22,17.87,17.1,22.8,21.95,24.24,36.4,8.5,18.0,1.5
2019-08-23,17.7,16.81,21.95,21.99,23.58,35.79,8.15,17.86,1.45
2019-08-26,17.25,16.35,21.6,21.5,23.2,35.5,7.92,17.63,1.43
2019-08-27,17.32,16.51,21.72,21.99,24.13,35.99,8.18,17.7,1.49
2019-08-28,17.52,16.3,22.22,22.49,24.5,35.99,8.1,17.69,1.53
2019-08-29,17.61,16.81,22.51,22.75,24.9,36.2,8.25,18.08,1.53
2019-08-30,17.7,16.88,22.1,22.48,24.78,37.59,8.71,18.24,1.46
2019-09-02,17.44,16.66,22.76,22.52,24.6,37.04,8.66,17.91,1.42
2019-09-03,17.84,17.13,22.38,21.95,23.86,36.5,8.58,18.05,1.49
2019-09-04,17.74,17.21,22.88,21.53,23.75,36.5,8.52,18.32,1.54
2019-09-05,18.05,17.33,23.24,21.49,23.6,36.65,8.4,18.21,1.53
2019-09-06,18.04,17.99,23.32,21.39,23.0,36.45,8.44,18.24,1.5
2019-09-09,17.68,17.65,23.16,21.06,22.55,35.8,8.15,18.39,1.5
2019-09-10,17.43,17.83,23.18,20.91,22.58,35.49,7.88,18.34,1.48
2019-09-11,17.66,17.75,23.58,20.85,23.44,36.24,8.33,18.43,1.48
2019-09-12,17.6,17.76,23.75,20.85,22.82,36.2,8.3,18.87,1.47
2019-09-13,17.57,17.75,23.49,20.96,22.84,35.53,8.46,18.61,1.71
2019-09-16,17.44,17.95,23.02,21.1,23.33,34.8,8.25,18.66,1.58
2019-09-17,17.48,17.9,23.12,21.78,23.77,34.87,8.87,18.93,1.6
2019-09-18,17.52,17.85,23.56,21.77,24.29,35.95,9.0,18.77,1.57
2019-09-19,17.51,17.91,23.51,22.13,24.31,37.9,9.29,18.85,1.58
2019-09-20,17.43,18.06,24.02,22.14,24.49,38.5,9.07,18.89,1.62
2019-09-23,17.4,17.8,23.92,22.07,23.95,38.58,8.8,18.91,1.59
2019-09-24,17.3,17.88,23.59,22.12,24.72,38.89,8.85,18.85,1.7
2019-09-25,17.32,17.86,23.66,22.33,24.75,38.89,9.02,19.1,1.8
2019-09-26,17.42,17.88,23.6,22.75,25.62,39.0,9.15,19.03,1.81
2019-09-27,17.42,17.72,23.91,23.06,25.8,39.48,9.5,18.95,1.79
2019-09-30,17.23,17.8,24.5,23.3,25.9,39.49,9.5,18.76,1.82
2019-10-01,16.94,17.9,24.5,22.98,25.68,39.37,9.06,18.82,1.84
2019-10-02,16.53,17.41,23.87,22.82,25.34,39.1,9.09,18.38,1.82
2019-10-03,16.82,17.69,24.25,22.78,25.35,39.35,9.34,18.1,1.77
2019-10-04,16.84,17.68,24.49,23.0,25.84,38.98,9.63,18.72,1.7
2019-10-07,16.36,16.98,23.89,22.9,24.97,38.62,9.6,18.39,1.78
2019-10-08,16.41,16.88,23.86,22.71,24.64,38.45,9.79,18.12,1.73
2019-10-09,16.55,16.98,23.95,22.71,24.88,38.73,9.8,18.19,1.75
2019-10-10,16.89,16.92,23.64,22.5,24.98,38.32,10.0,17.95,1.8
2019-10-11,16.94,16.99,24.17,23.0,25.75,38.74,10.18,18.1,1.78
2019-10-14,17.13,17.14,24.25,22.9,26.13,38.83,10.21,18.24,1.75
2019-10-15,17.18,17.04,23.69,23.22,26.55,38.15,10.25,18.41,1.7
2019-10-16,17.59,17.07,23.47,23.4,26.79,38.85,10.39,18.41,1.65
2019-10-17,17.47,17.08,23.1,23.36,27.33,39.0,10.45,18.29,1.69
2019-10-18,17.61,17.14,22.98,23.97,27.63,39.5,11.0,18.19,1.7
2019-10-21,17.66,17.25,22.98,23.96,27.15,40.0,10.97,18.5,1.67
2019-10-22,17.78,17.34,23.0,23.75,27.0,39.32,11.2,18.29,1.63
2019-10-23,17.71,17.3,23.0,23.53,26.95,40.87,11.2,18.2,1.6
2019-10-24,17.65,17.01,22.65,23.5,26.55,40.49,11.06,18.7,1.61
2019-10-25,17.67,16.96,22.82,23.1,26.79,40.79,10.64,17.15,1.59
2019-10-28,17.87,16.97,22.85,23.79,27.07,41.75,11.06,17.09,1.58
2019-10-29,17.7,16.94,22.92,23.18,27.06,40.91,10.65,17.13,1.61
2019-10-30,17.55,17.05,23.1,23.99,27.63,41.7,10.81,17.11,1.6
2019-10-31,17.36,16.95,22.8,23.55,27.24,42.55,10.71,16.94,1.56
2019-11-01,17.95,16.93,22.91,23.71,27.8,42.54,10.6,16.89,1.54
2019-11-04,17.79,17.02,22.78,23.71,27.28,42.4,10.48,17.12,1.54
2019-11-05,17.48,16.92,22.97,23.23,27.2,41.83,10.13,17.26,1.56
2019-11-06,17.97,16.85,23.56,23.35,27.35,42.19,10.98,17.07,1.54
2019-11-07,17.76,16.9,23.78,23.24,27.33,42.09,10.8,17.11,1.58
2019-11-08,17.74,16.95,23.49,23.5,27.78,41.82,9.91,16.86,1.54
2019-11-11,17.81,16.73,23.82,24.49,29.0,42.0,10.19,17.09,1.54
2019-11-12,17.55,16.87,23.05,23.96,28.36,41.01,9.74,16.93,1.56
2019-11-13,17.49,16.66,23.25,24.05,28.4,40.49,9.55,16.93,1.54
2019-11-14,17.65,16.9,24.02,25.1,29.31,42.35,10.09,17.0,1.51
2019-11-18,17.53,16.85,23.81,25.0,28.9,42.5,9.95,17.11,1.56
2019-11-19,17.68,16.73,23.8,24.45,29.11,42.7,10.1,17.22,1.52
2019-11-21,17.75,16.72,24.04,25.0,29.65,43.89,10.3,17.61,1.51
2019-11-22,17.65,16.7,24.19,25.59,30.83,43.75,10.95,17.72,1.55
2019-11-25,17.84,16.84,24.17,26.36,30.8,43.75,10.65,17.73,1.57
2019-11-26,17.34,17.12,24.14,26.26,30.55,43.0,10.67,17.57,1.6
2019-11-27,17.4,16.96,24.15,27.1,31.0,43.04,10.92,17.5,1.55
2019-11-28,17.52,16.92,23.91,26.48,31.3,44.0,11.75,17.55,1.57
2019-11-29,17.71,16.85,24.43,27.5,31.78,44.48,11.45,17.59,1.53
2019-12-02,17.73,17.02,25.19,26.71,31.16,44.45,11.04,17.51,1.5
2019-12-03,17.67,16.9,25.24,26.76,31.15,44.43,10.75,17.41,1.52
2019-12-04,17.84,16.97,25.35,26.71,31.15,44.4,10.85,17.83,1.5
2019-12-05,17.97,16.86,25.22,26.67,31.3,44.35,10.5,17.69,1.5
2019-12-06,17.74,16.99,25.2,26.9,32.05,44.4,11.11,17.98,1.5
2019-12-09,17.96,17.11,25.2,26.92,31.73,43.96,11.15,17.97,1.7
2019-12-10,18.2,17.22,25.05,27.1,32.0,44.0,11.4,17.9,1.61
2019-12-11,18.26,17.78,25.65,27.84,33.08,43.94,11.61,17.98,1.57
2019-12-12,18.75,17.81,25.88,27.66,32.3,44.0,11.79,18.22,1.57
2019-12-13,18.63,17.99,25.41,27.71,33.2,43.66,11.72,18.52,1.61
2019-12-16,18.63,18.46,25.37,29.03,32.99,44.9,11.8,18.59,1.7
2019-12-17,18.85,18.6,25.26,28.0,32.1,44.82,11.79,18.43,1.64
2019-12-18,18.83,18.43,25.26,27.35,32.3,44.85,12.11,18.6,1.89
2019-12-19,19.12,18.5,25.48,27.25,32.72,47.0,12.19,18.68,3.51
2019-12-20,19.25,18.35,25.67,,32.35,47.0,12.37,18.91,3.02
2019-12-23,19.37,19.05,25.94,26.9,32.7,49.6,12.79,18.96,2.94
2019-12-26,19.41,19.3,26.6,26.81,32.86,49.54,13.23,19.22,2.73
2019-12-27,19.33,19.46,26.87,27.0,32.66,49.77,13.18,19.16,2.68
2019-12-30,19.43,19.02,26.1,27.58,33.2,50.14,13.28,18.67,2.62
2020-01-02,20.03,19.25,26.4,26.8,32.58,50.01,13.46,19.2,2.48
2020-01-03,20.47,19.45,25.63,27.19,32.58,51.42,13.95,18.93,2.35
2020-01-06,20.34,19.46,24.9,26.66,32.07,51.07,13.63,19.02,2.42
2020-01-07,20.08,19.4,25.27,26.65,32.8,50.47,13.67,19.06,2.37
2020-01-08,20.03,19.2,25.6,26.77,33.16,52.0,13.87,18.97,2.36
2020-01-09,20.03,19.6,25.93,27.13,33.96,52.38,14.31,18.82,2.21
2020-01-10,20.01,19.31,25.67,27.0,33.71,52.49,14.29,18.89,3.3
2020-01-13,20.3,19.85,25.95,27.37,33.89,53.6,14.37,19.21,2.75
2020-01-14,20.11,20.32,25.8,27.41,34.26,54.45,14.19,19.1,2.8
2020-01-15,19.82,20.01,24.97,27.7,34.48,54.6,13.86,18.76,2.71
2020-01-16,19.98,19.39,24.34,28.0,34.52,54.86,13.57,18.7,2.69
2020-01-17,21.27,19.2,24.3,28.0,34.4,54.9,13.67,18.7,2.67
2020-01-20,21.69,20.2,24.69,27.85,34.5,54.45,13.69,18.8,2.86
2020-01-21,22.21,20.2,24.23,30.01,35.05,53.2,14.08,18.74,2.9
2020-01-22,22.08,20.75,24.32,30.83,34.6,53.26,13.95,19.05,3.05
2020-01-23,22.85,20.66,24.79,30.98,34.67,53.74,13.97,18.65,3.02
2020-01-24,22.72,20.72,24.33,31.11,34.73,53.44,14.19,18.99,2.84
2020-01-27,22.2,19.85,23.9,30.49,34.6,52.32,13.7,18.55,2.33
2020-01-28,22.38,19.81,23.9,32.5,37.05,53.7,13.87,18.8,2.43
2020-01-29,22.05,19.22,23.65,33.95,37.97,53.5,13.85,18.3,2.51
2020-01-30,21.7,18.9,23.22,32.5,36.85,52.96,13.7,18.34,2.41
2020-01-31,21.42,19.47,23.2,30.0,35.84,52.59,13.41,17.85,2.42
2020-02-03,22.44,19.64,23.26,31.0,36.16,53.45,13.56,17.59,2.4
2020-02-04,22.51,19.86,23.73,31.66,35.27,53.5,13.5,17.65,2.41
2020-02-05,23.43,19.8,23.7,31.07,35.55,53.41,13.55,17.25,2.41
2020-02-06,22.22,19.41,23.56,31.1,34.86,52.38,13.39,16.87,3.0
2020-02-07,21.65,19.0,23.2,30.63,34.48,52.31,13.07,16.92,2.83
2020-02-10,20.95,18.87,22.7,29.3,32.95,49.88,12.56,16.73,2.73
2020-02-11,21.26,19.35,23.75,29.05,34.22,51.25,13.26,16.8,2.72
2020-02-12,21.39,19.84,24.44,29.45,35.1,52.6,13.06,16.65,2.71
2020-02-13,21.33,19.6,23.8,30.95,36.13,51.96,13.37,16.27,2.7
2020-02-14,20.92,19.51,23.02,30.85,35.75,52.02,13.59,16.41,2.67
2020-02-17,21.16,19.44,22.72,29.79,35.75,52.17,13.6,16.6,2.64
2020-02-18,20.75,19.61,23.19,30.29,36.08,51.9,13.99,16.18,2.6
2020-02-19,21.33,20.1,24.07,29.0,35.55,52.25,14.16,16.13,2.56
2020-02-20,21.41,19.95,24.13,29.0,35.4,51.37,14.35,16.17,2.57
2020-02-21,21.12,20.08,23.89,28.6,34.8,51.15,15.28,16.25,2.4
2020-02-26,19.84,19.16,21.98,27.85,32.0,48.15,13.85,15.82,2.2
2020-02-27,19.36,18.9,21.36,27.24,30.76,46.1,13.66,14.5,2.35
2020-02-28,19.71,18.5,21.12,28.0,31.54,45.67,13.72,14.54,2.23
2020-03-02,19.54,19.4,21.71,27.63,32.5,47.1,14.0,14.72,2.26
2020-03-03,19.14,19.7,21.03,27.61,33.11,46.79,13.44,14.74,2.16
2020-03-04,19.04,20.4,21.29,27.7,33.47,47.5,13.65,15.31,2.18
2020-03-05,18.1,19.97,20.9,27.66,31.11,43.5,12.59,15.23,2.09
2020-03-06,17.76,18.98,19.3,26.68,30.92,41.59,12.02,15.32,2.04
2020-03-09,15.86,17.65,17.35,23.15,25.56,37.5,10.51,14.67,1.8
2020-03-10,16.47,17.97,18.55,24.7,28.92,39.2,11.04,14.42,1.87
2020-03-11,15.53,17.19,17.12,22.96,27.89,36.06,10.3,13.75,1.8
2020-03-12,13.76,15.34,14.29,19.99,23.9,30.0,7.94,11.58,1.6
2020-03-13,15.09,15.58,17.45,21.99,26.98,32.5,9.89,12.7,1.77
2020-03-16,12.83,15.09,14.56,19.49,23.13,25.99,6.7,11.03,1.5
2020-03-17,13.31,14.36,16.6,18.5,22.24,27.64,5.94,11.69,1.5
2020-03-18,11.49,13.89,15.32,14.51,17.6,25.0,3.96,11.19,1.33
2020-03-19,11.89,14.07,18.0,17.5,22.69,29.95,4.3,11.7,1.13
2020-03-20,11.59,13.95,18.41,19.54,22.71,24.97,4.94,12.05,1.18
2020-03-23,10.88,13.8,17.6,18.92,23.28,21.92,3.75,11.51,1.1
2020-03-24,11.37,15.17,19.01,19.71,23.77,26.94,4.03,11.29,1.19
2020-03-25,13.32,16.35,19.55,21.34,25.42,30.93,5.37,11.65,1.28
2020-03-26,13.97,17.39,21.03,21.0,26.3,32.5,5.63,12.8,1.26
2020-03-27,13.65,16.83,19.15,20.92,24.49,30.4,5.75,12.49,1.27
2020-03-30,13.45,16.84,19.8,21.03,24.36,29.44,5.1,12.55,1.31
2020-03-31,13.06,17.35,19.65,19.46,23.16,26.6,4.6,11.92,1.45
2020-04-01,12.58,17.39,19.56,18.71,22.49,24.89,4.09,11.69,1.39
2020-04-02,12.24,17.14,20.34,19.84,23.97,24.69,3.8,11.99,1.33
2020-04-03,11.64,17.0,20.64,18.31,23.7,23.91,3.92,11.39,1.17
2020-04-06,12.49,17.3,20.76,21.0,23.95,25.74,4.01,11.86,1.6
2020-04-07,13.09,17.13,19.61,22.3,26.12,26.62,4.4,12.41,2.17
2020-04-08,12.87,17.3,19.38,22.83,25.9,26.92,4.75,12.31,3.29
2020-04-09,13.42,17.45,19.47,22.0,25.99,26.82,5.22,12.1,3.35
2020-04-13,13.49,17.33,19.86,21.95,25.01,26.81,5.25,12.1,2.91
2020-04-14,13.75,17.23,20.09,22.5,26.49,25.71,5.43,12.09,2.66
2020-04-15,13.88,17.12,19.95,22.4,26.39,24.19,5.37,11.91,2.4
2020-04-16,13.73,17.25,19.35,22.95,26.26,24.75,5.46,11.45,3.1
2020-04-17,13.89,17.6,20.24,22.3,26.33,25.5,5.8,11.6,2.78
2020-04-20,13.76,18.13,20.04,21.95,26.58,26.74,5.8,11.61,2.74
2020-04-22,14.35,18.79,20.77,22.9,27.52,28.45,6.4,11.62,2.71
2020-04-23,14.06,18.95,20.98,22.89,27.16,28.57,6.2,11.55,2.65
2020-04-24,13.12,18.79,20.55,21.95,26.46,25.4,5.9,11.11,2.5
2020-04-27,13.29,19.23,20.67,22.0,27.03,26.59,5.86,11.61,2.49
2020-04-28,14.16,20.39,20.2,23.1,28.57,28.7,6.38,11.7,2.49
2020-04-29,14.33,20.0,19.76,23.02,27.7,30.0,6.26,11.67,2.58
2020-04-30,14.1,20.5,19.79,22.21,27.39,27.91,6.57,11.34,2.48
2020-05-04,13.21,20.65,19.7,21.16,26.4,26.2,6.15,11.76,2.38
2020-05-05,13.23,20.9,19.65,21.9,26.38,25.15,6.0,11.94,2.38
2020-05-06,12.86,21.1,20.14,21.5,25.47,24.41,5.87,11.83,2.38
2020-05-07,12.51,21.47,19.65,21.55,24.87,22.7,5.58,11.54,2.34
2020-05-08,12.73,19.89,20.3,21.23,24.82,22.87,5.51,12.04,2.34
2020-05-11,11.99,20.7,19.97,20.6,24.76,21.95,5.36,11.94,2.21
2020-05-12,11.74,20.44,19.52,21.5,26.01,21.9,4.94,11.72,2.16
2020-05-13,11.84,20.1,19.6,20.01,24.07,22.01,4.58,11.26,2.05
2020-05-14,11.62,20.03,20.54,19.7,23.59,22.38,4.88,11.74,2.03
2020-05-15,11.53,20.46,19.66,19.67,22.15,21.28,4.79,11.64,2.03
2020-05-18,11.99,20.05,20.84,20.69,23.84,22.0,5.4,12.1,2.11
2020-05-19,12.08,19.56,20.12,20.28,24.36,22.5,5.54,11.94,2.43
2020-05-20,12.51,20.94,20.33,,24.05,23.74,5.66,12.14,2.35
2020-05-21,13.07,19.82,20.61,21.42,26.42,26.6,6.21,11.88,2.24
2020-05-22,13.2,19.59,20.89,20.85,25.9,26.57,5.84,11.74,2.23
2020-05-25,13.76,19.86,21.3,21.3,26.1,27.97,6.56,12.27,2.28
2020-05-26,13.49,20.08,21.41,21.01,25.98,26.83,6.95,12.53,2.3
2020-05-27,13.79,20.01,23.45,21.74,26.73,27.53,7.44,13.38,2.33
2020-05-28,13.81,20.47,23.17,21.3,25.58,25.8,7.23,12.82,2.42
2020-05-29,13.81,19.9,22.53,21.25,24.83,25.48,7.59,12.48,2.34
2020-06-01,13.86,20.0,22.62,20.92,25.6,27.31,7.7,12.6,2.42
2020-06-02,13.83,20.0,22.65,21.98,26.22,27.98,8.1,12.97,2.65
2020-06-03,14.24,20.05,23.15,21.96,26.99,29.23,9.2,13.25,2.62
2020-06-04,14.55,20.34,22.36,22.48,27.41,29.39,9.05,13.38,2.55
2020-06-05,14.86,20.04,23.11,23.38,27.54,29.38,9.38,14.05,2.58
2020-06-08,15.02,19.98,24.17,23.47,29.14,30.59,9.22,14.6,2.54
2020-06-09,14.8,20.0,24.31,22.92,28.24,31.3,8.75,14.32,2.56
2020-06-10,14.74,19.5,24.17,22.55,27.83,29.55,8.59,13.96,2.58
2020-06-12,14.4,19.39,24.07,22.9,27.49,28.33,8.59,13.57,2.5
2020-06-15,14.54,19.95,23.53,22.88,28.06,28.99,8.53,13.43,2.49
2020-06-16,14.65,19.69,23.67,22.9,28.71,28.8,8.36,13.26,2.6
2020-06-17,15.19,19.73,24.1,24.32,29.1,29.47,8.56,13.77,2.58
2020-06-18,15.39,19.79,23.46,24.35,29.1,29.71,8.54,13.68,2.56
2020-06-19,15.28,19.35,23.83,24.8,29.79,30.01,8.81,13.84,2.63
2020-06-22,15.15,19.26,23.39,24.98,29.33,29.47,8.73,14.11,2.65
2020-06-23,15.39,19.11,23.8,24.92,30.29,29.3,8.53,13.93,2.65
2020-06-24,14.21,19.58,23.08,24.3,29.69,28.5,8.2,13.68,2.48
2020-06-25,14.18,20.0,23.41,24.32,30.12,28.88,8.22,14.18,2.5
2020-06-26,13.98,20.0,22.79,24.0,28.94,27.43,8.17,13.95,2.49
2020-06-29,13.91,20.85,22.68,24.0,29.38,28.48,8.25,14.26,2.56
2020-06-30,13.89,20.96,22.49,24.81,29.28,28.55,8.35,14.14,2.52
2020-07-01,13.85,22.15,22.97,24.26,29.24,29.31,8.43,14.36,2.53
2020-07-02,13.71,22.19,22.46,24.4,30.0,28.58,8.29,14.17,2.51
2020-07-03,13.96,22.21,22.49,24.5,29.3,28.76,8.58,14.14,2.53
2020-07-06,14.41,22.06,23.28,24.99,29.58,30.05,8.76,14.36,2.5
2020-07-07,14.23,21.9,23.2,24.93,29.65,29.37,8.85,14.45,2.5
2020-07-08,14.39,21.55,23.13,25.36,30.42,29.5,8.76,14.71,2.49
2020-07-09,14.76,22.22,22.85,25.0,30.11,30.0,8.65,14.64,2.47
2020-07-10,14.84,22.13,22.84,24.85,29.79,30.45,8.85,14.85,2.48
2020-07-13,14.71,21.73,22.23,24.59,29.0,29.22,9.21,14.0,2.47
2020-07-14,14.56,21.62,22.24,24.1,29.79,29.69,8.85,13.91,2.44
2020-07-15,14.8,21.5,22.64,25.0,28.86,29.46,8.79,14.29,2.42
2020-07-16,14.79,21.12,22.65,24.5,29.15,29.31,8.56,14.05,2.37
2020-07-17,14.88,21.07,23.47,24.77,29.0,30.49,8.99,14.16,2.36
2020-07-20,14.75,21.11,23.92,25.2,29.48,30.72,8.89,14.12,2.43
2020-07-21,14.8,21.32,23.52,25.1,29.35,31.25,8.87,14.68,2.4
2020-07-22,14.72,21.44,23.22,25.1,29.13,29.65,8.69,14.71,2.35
2020-07-23,14.38,21.39,22.75,25.18,29.08,28.91,8.14,14.4,2.3
2020-07-24,14.1,21.25,22.3,24.97,29.1,28.55,8.05,14.93,2.3
2020-07-27,14.39,21.8,22.73,24.99,29.46,28.39,7.88,15.28,2.3
2020-07-28,14.27,21.94,22.81,24.8,28.76,28.59,7.94,15.09,2.28
2020-07-29,14.33,21.58,22.45,25.4,29.9,28.42,7.96,15.15,2.23
2020-07-30,14.11,21.95,22.73,26.4,31.25,28.26,8.2,14.55,2.22
2020-07-31,13.87,21.03,22.22,26.58,31.46,27.74,8.16,13.9,2.4
2020-08-03,13.7,21.08,22.05,27.15,30.91,26.63,7.79,13.71,2.29
2020-08-04,13.63,20.36,21.57,27.11,31.24,26.46,7.55,13.4,2.2
2020-08-05,13.74,20.42,21.89,28.46,34.0,27.99,7.74,13.18,2.26
2020-08-06,13.97,20.3,22.77,29.75,35.79,30.23,7.77,13.26,2.28
2020-08-07,13.89,20.59,23.33,30.2,34.7,30.33,7.94,13.31,2.25
2020-08-10,13.88,20.14,22.87,30.0,33.81,29.76,7.68,13.24,2.2
2020-08-11,14.02,20.08,22.29,29.5,34.12,30.65,8.03,13.41,2.2
2020-08-12,13.76,20.21,22.53,29.36,34.0,29.89,7.65,13.48,2.25
2020-08-13,13.27,20.89,22.02,31.15,34.79,27.7,7.61,13.21,2.23
2020-08-14,13.48,20.27,22.81,31.04,34.5,28.78,7.79,13.26,2.22
2020-08-17,13.43,19.62,22.22,31.37,34.44,27.18,7.36,12.85,2.21
2020-08-18,13.57,20.2,22.48,31.36,34.76,27.74,7.68,13.08,2.17
2020-08-19,13.51,20.25,22.37,30.86,34.13,26.85,7.4,12.85,2.17
2020-08-20,13.49,20.4,22.78,31.18,35.53,28.01,7.51,12.88,2.18
2020-08-21,13.54,20.24,22.56,31.99,36.75,27.73,7.96,12.97,2.2
2020-08-24,13.86,20.6,22.41,32.1,36.54,27.63,7.85,12.86,2.17
2020-08-25,13.8,21.2,23.19,31.8,35.84,27.63,8.51,12.75,2.21
2020-08-26,13.54,21.0,22.3,32.32,34.75,26.6,8.3,12.7,2.2
2020-08-27,13.48,21.09,22.54,30.5,34.6,26.42,8.46,12.68,2.23
2020-08-28,13.67,20.92,23.76,33.0,37.86,27.2,8.66,12.75,2.23
2020-08-31,13.44,20.71,22.6,32.47,37.25,26.42,8.44,12.31,2.19
2020-09-01,13.8,21.18,22.64,34.96,37.9,27.38,8.54,12.65,2.15
2020-09-02,13.86,21.45,22.16,33.99,37.44,27.55,8.74,12.76,2.2
2020-09-03,13.79,21.34,22.18,33.9,37.43,27.05,8.55,12.6,2.16
2020-09-04,13.88,21.01,22.34,34.0,37.1,27.4,8.43,12.6,2.11
2020-09-08,13.75,21.02,22.06,33.51,37.19,28.42,8.21,12.35,2.12
2020-09-09,13.53,21.07,22.08,33.41,37.15,27.78,8.16,12.35,2.12
2020-09-10,13.22,21.26,21.45,33.0,36.89,27.17,8.05,12.31,2.17
2020-09-11,12.94,21.37,21.02,34.49,37.04,26.81,7.75,12.04,2.08
2020-09-14,13.32,22.02,21.49,34.8,37.26,27.94,8.28,12.57,2.07
2020-09-15,13.2,22.24,21.29,33.43,36.83,27.53,8.14,12.89,2.1
2020-09-16,13.2,22.53,21.5,33.25,36.1,28.19,8.59,12.56,2.05
2020-09-17,13.09,22.33,21.66,32.8,35.86,27.57,8.33,13.2,2.05
